Id,Label,Contribution,Weight,Weighted Degree,Eccentricity,closnesscentrality,harmonicclosnesscentrality,betweenesscentrality,eigencentrality,Degree
0,Felix Bartsch,Musik,29,328,3,0.540404,0.599342,29825.870384,1,215
1,Willy Schmidt-Gentner,Musik,25,287,4,0.532044,0.59216,24524.968386,0.894267,208
2,Hans May,Musik,23,263,3,0.537388,0.58965,26668.589554,0.821943,192
3,Walter Ulfig,Musik,18,202,3,0.511146,0.558152,11962.427385,0.681393,147
4,Jacek Rotmil,Bauten,16,183,3,0.499741,0.541018,6834.767872,0.647645,119
5,Gustav A. Knauer,Bauten,16,160,4,0.516631,0.555729,11086.737191,0.644136,128
6,Wilhelm Dieterle,Darsteller/Drehbuch/Regie/Produzent,15,138,4,0.488832,0.525009,5730.642782,0.480866,94
7,Erich Kaiser-Titz,Darsteller,14,127,3,0.493593,0.530633,9836.716727,0.475017,101
8,Pasquale Perris,Musik,14,162,3,0.504982,0.547248,9564.385962,0.615632,127
9,Werner Richard Heymann,Musik,13,159,3,0.501301,0.547248,14804.776004,0.534289,134
10,Reinhold Schünzel,Darsteller/Drehbuch/Produzent/Regie,13,122,4,0.414015,0.442195,387.493616,0.143427,29
11,Harry Liedtke,Darsteller,13,150,3,0.482465,0.522499,4014.460797,0.558995,100
12,Albert Steinrück,Darsteller,12,132,3,0.503925,0.542748,8944.494982,0.597605,116
13,Franz Schroedter,Bauten,12,142,3,0.471828,0.508827,4248.52664,0.381562,83
14,Hermann Picha,Darsteller,12,132,3,0.497417,0.536691,12268.115776,0.546915,111
15,Friedrich Fehér,Regie/Drehbuch/Darsteller/Produzent,12,112,4,0.420524,0.448252,413.986232,0.164262,30
16,Georg Alexander,Darsteller,11,117,4,0.470905,0.505798,2024.864891,0.434853,74
17,Ernst Rückert,Darsteller,11,112,4,0.482223,0.517913,6968.456631,0.376022,85
18,Hans Mierendorff,Darsteller,11,111,4,0.483191,0.522326,8644.403434,0.429668,96
19,Julius Falkenstein,Darsteller,11,132,4,0.483434,0.525009,8621.660994,0.466048,105
20,Willi A. Herrmann,Bauten,10,115,3,0.487842,0.523191,12423.973178,0.352535,91
21,Robert Liebmann,Drehbuch,10,122,3,0.473684,0.51298,3802.48544,0.447622,91
22,Gustav Gold,Musik,10,113,3,0.488584,0.527172,7742.68161,0.419899,101
23,Werner Fuetterer,Darsteller,10,106,4,0.479104,0.517307,6583.590554,0.402447,90
24,Harry Hardt,Darsteller,10,106,3,0.48006,0.518345,5792.872656,0.412583,93
25,Richard Eichberg,Produzent/Regie,10,113,4,0.417244,0.448858,576.826471,0.185129,41
26,Jack Trevor,Darsteller,10,116,4,0.479343,0.512375,2987.51521,0.449005,77
27,Max Heilbronner,Bauten,10,111,4,0.479821,0.517567,3776.813017,0.452974,91
28,Guido Seeber,Kamera,9,104,4,0.448742,0.483472,1297.156469,0.338658,62
29,Kurt Gerron,Darsteller,9,92,3,0.472754,0.508827,3958.689898,0.437191,81
30,Wolfgang Neff,Regie,9,70,4,0.443779,0.47577,1771.917386,0.238578,50
31,Egon von Jordan,Darsteller,9,90,3,0.470674,0.505538,4814.136416,0.393934,76
32,Karl Machus,Bauten,9,87,4,0.459447,0.495933,3031.828044,0.35847,71
33,Anton Pointner,Darsteller,9,96,4,0.462758,0.498875,4149.644272,0.342363,74
34,Adele Sandrock,Darsteller,9,95,4,0.476733,0.511163,2953.511473,0.415403,77
35,Giuseppe Becce,Musik,9,112,4,0.456615,0.498442,7266.35807,0.325909,85
36,Paul Otto,Darsteller,9,98,4,0.483434,0.517307,3492.072762,0.443495,81
37,Jack Mylong-Münz,Darsteller/Drehbuch,9,87,3,0.469985,0.501558,3280.855656,0.328405,66
38,Alfred Schirokauer,Drehbuch/Regie,9,102,3,0.474852,0.505192,1843.140713,0.392823,66
39,Gustav Fröhlich,Darsteller,9,107,4,0.485873,0.520422,3812.065724,0.470675,85
40,Bobby E. Lüthge,Drehbuch,9,104,4,0.47839,0.514711,3425.609559,0.437867,84
41,Fritz Kortner,Darsteller/Drehbuch,9,95,3,0.444804,0.475597,1280.062124,0.263057,49
42,Hans Sohnle,Bauten,9,108,3,0.480299,0.514711,3020.045442,0.433924,82
43,Erna Morena,Darsteller,9,92,3,0.467703,0.503634,8772.773591,0.332716,77
44,Otto Erdmann,Bauten,9,108,3,0.480299,0.514711,3020.045442,0.433924,82
45,Frida Richard,Darsteller,8,92,3,0.493593,0.524057,3142.715968,0.476233,82
46,Hans Junkermann,Darsteller,8,96,3,0.468158,0.501904,2001.23989,0.415082,71
47,Franz Planer,Kamera,8,89,4,0.464768,0.499308,1635.928535,0.401655,69
48,Botho Höfer,Bauten,8,88,4,0.457048,0.489183,1417.403161,0.352744,59
49,Artur Günther,Bauten,8,61,4,0.422739,0.453358,834.779281,0.182562,39
50,Camilla von Hollay,Darsteller,8,89,4,0.467249,0.504759,4888.542316,0.367566,81
51,August Rinaldi,Bauten,8,88,4,0.465442,0.500606,4024.71559,0.372871,73
52,Edgar S. Ziesemer,Kamera,8,88,4,0.46657,0.499654,1938.544037,0.392873,66
53,Vivian Gibson,Darsteller,8,90,3,0.470445,0.503634,3204.460761,0.416067,71
54,Lydia Potechina,Darsteller,8,87,3,0.476497,0.508827,4837.027117,0.33636,73
55,Axel Graatkjær,Kamera,8,92,4,0.456182,0.493337,3161.340963,0.342992,71
56,Xenia Desni,Darsteller,8,87,3,0.468841,0.503461,5152.600014,0.408358,74
57,Grete Mosheim,Darsteller,8,90,3,0.477679,0.512115,2571.546072,0.457909,80
58,Fritz Kampers,Darsteller,8,86,4,0.481741,0.51549,2594.201006,0.440903,79
59,Curt J. Braun,Drehbuch,8,87,4,0.46793,0.50424,3053.714984,0.397149,76
60,Willy Goldberger,Kamera,8,96,3,0.476261,0.508307,2686.667827,0.396106,72
61,Elizza La Porta,Darsteller,8,88,4,0.475086,0.51125,6553.452921,0.347368,81
62,Karl Attenberger,Kamera,8,87,3,0.487102,0.516442,6619.844917,0.352309,73
63,Emil Schünemann,Kamera,8,93,4,0.451901,0.485981,2808.800061,0.278498,60
64,Robert A. Dietrich,Bauten,8,83,4,0.444393,0.480183,2346.135247,0.279444,61
65,Hans Albers,Darsteller,8,96,3,0.467476,0.505538,3287.680435,0.416368,83
66,Oskar Friedrich Werndorff,Bauten,8,99,4,0.460545,0.498096,2598.837271,0.365213,75
67,Ernst Stern,Bauten,8,87,4,0.45575,0.488491,1506.526441,0.328081,60
68,Walter Reisch,Drehbuch,8,88,4,0.464768,0.495933,1018.531528,0.394689,61
69,Herbert Juttke,Drehbuch,7,82,3,0.468841,0.499654,1232.339379,0.390864,63
70,Hans Adalbert Schlettow,Darsteller,7,79,3,0.468841,0.502423,3196.806562,0.318627,71
71,F.W. Krohn,Bauten,7,55,4,0.403774,0.432762,1472.453438,0.104665,35
72,Gustave Preiß,Kamera,7,85,4,0.461871,0.497404,3341.502858,0.337954,70
73,Hans Stüwe,Darsteller,7,77,4,0.465893,0.499567,2460.622002,0.358688,67
74,Carl de Vogt,Darsteller,7,71,4,0.476261,0.505971,2122.616909,0.359155,63
75,Paul Wegener,Darsteller,7,79,3,0.453603,0.489443,1929.079793,0.346259,68
76,Olga Engl,Darsteller,7,68,4,0.451054,0.484337,1669.962118,0.31643,59
77,Arpad Viragh,Kamera,7,72,4,0.429336,0.461925,708.997833,0.223996,46
78,Carl Walther Meyer,Darsteller,7,74,3,0.462981,0.497231,3126.959712,0.303166,69
79,Jakob Fleck,Regie,7,84,4,0.458571,0.488664,883.753859,0.375894,54
80,Max Knaake,Bauten,7,76,4,0.447283,0.479751,1403.118929,0.266873,53
81,Luise Fleck,Regie,7,84,4,0.458571,0.488664,883.753859,0.375894,54
82,Ludwig Hamburger,Drehbuch/Regie,7,43,4,0.386902,0.413119,446.434216,0.087672,25
83,Wolfgang Zilzer,Darsteller,7,76,3,0.459227,0.491173,1540.316387,0.335759,60
84,Margarete Kupfer,Darsteller,7,78,3,0.469527,0.504327,4408.601715,0.365131,75
85,Fritz Alberti,Darsteller,7,76,4,0.465893,0.499481,3579.223449,0.318606,67
86,Kurt Vespermann,Darsteller,7,71,4,0.463873,0.496625,3395.317108,0.309943,65
87,Kurt Richter,Bauten,7,75,4,0.456398,0.490308,3130.589297,0.2925,62
88,Theodor Sparkuhl,Kamera,7,82,3,0.475791,0.510038,4999.584567,0.337128,78
89,Karl Vass,Kamera,7,82,4,0.448533,0.478712,1182.279488,0.261849,47
90,Karl Platen,Darsteller,7,74,4,0.43555,0.47153,2649.496521,0.239134,60
91,Andrej Andrejew,Bauten,7,92,4,0.469298,0.502856,2046.132492,0.388558,71
92,Angelo Ferrari,Darsteller,7,77,4,0.453817,0.489962,3216.171813,0.297826,67
93,Julius von Szöreghy,Darsteller,7,83,4,0.456831,0.494808,2264.731402,0.369553,74
94,Alfred Abel,Darsteller,7,80,4,0.477679,0.51073,3453.797629,0.369847,74
95,Eduard von Winterstein,Darsteller,7,74,4,0.448951,0.483212,5332.230138,0.235733,59
96,Siegfried Arno,Darsteller,7,74,4,0.452963,0.486847,2067.216051,0.298208,60
97,Eugen Burg,Darsteller,7,78,3,0.463649,0.498789,2747.197928,0.366598,72
98,Gerd Briese,Darsteller,7,69,4,0.460325,0.493164,2524.031225,0.301309,61
99,Arnold Korff,Darsteller,7,74,4,0.470215,0.503115,2867.378866,0.347463,68
100,Max Jungk,Drehbuch,6,64,4,0.453817,0.486587,1348.107225,0.30866,57
101,Leopold Kutzleb,Kamera,6,66,4,0.429144,0.460627,1152.774008,0.217459,43
102,Jaro Fürth,Darsteller,6,60,3,0.431065,0.465732,5380.440863,0.194561,55
103,Harry Halm,Darsteller,6,67,4,0.435944,0.469107,1174.631531,0.239043,50
105,Friedrich Zelnik,Produzent/Regie,6,78,4,0.424603,0.451021,156.897759,0.162909,29
106,Livio C. Pavanelli,Darsteller,6,67,3,0.44666,0.479232,3879.737904,0.275609,55
107,Carl Auen,Darsteller,6,61,3,0.453603,0.484597,2028.375247,0.254594,54
108,Carl Drews,Kamera,6,66,3,0.442352,0.475943,1622.05878,0.266479,56
109,Paul Holzki,Kamera,6,65,4,0.453603,0.486414,1176.455982,0.326412,57
110,Alexander Murski,Darsteller,6,66,4,0.476261,0.504846,1304.360911,0.361442,60
111,Eduardo Lamberti,Kamera,6,72,3,0.445009,0.477847,831.119249,0.323125,55
112,Ludwig Reiber,Bauten,6,60,3,0.423111,0.455348,1521.740027,0.162602,46
113,Werner Pittschau,Darsteller,6,62,4,0.43242,0.463223,1379.257043,0.198589,44
114,Maly Delschaft,Darsteller,6,62,4,0.44916,0.48252,3973.965511,0.258078,56
115,Hans Karl Gottschalk,Kamera,6,64,4,0.450421,0.48278,1630.018617,0.260906,56
116,Magda Sonja,Darsteller,6,62,4,0.420524,0.448252,413.986232,0.164262,30
117,Georg C. Klaren,Drehbuch,6,71,3,0.460325,0.490308,800.479719,0.351906,55
118,Heinrich Richter,Bauten,6,60,4,0.454031,0.485029,1467.679679,0.281163,52
119,Giovanni Vitrotti,Kamera,6,68,3,0.459666,0.490827,2216.37542,0.277497,58
120,Robert Garrison,Darsteller,6,61,3,0.440329,0.47179,2142.486249,0.240689,49
121,Helga Thomas,Darsteller,6,61,4,0.437528,0.470838,1730.462151,0.240878,51
122,Eduard Hoesch,Kamera,6,69,4,0.454674,0.485116,1180.080238,0.311051,51
123,Colette Brettel,Darsteller,6,47,4,0.412773,0.444618,5219.703383,0.149615,41
124,Willy Hameister,Kamera,6,63,4,0.453176,0.484337,753.4007,0.344541,52
125,Evi Eva,Darsteller,6,69,4,0.448324,0.482347,1029.999013,0.354838,58
127,Maria Paudler,Darsteller,6,65,4,0.45575,0.486414,1016.289268,0.320254,54
128,Erich Czerwonski,Bauten,6,70,4,0.444598,0.479232,3151.164813,0.216058,58
129,Otto Kanturek,Kamera,6,69,4,0.445215,0.480097,1455.153236,0.297092,59
130,Robert Scholz,Darsteller,6,68,4,0.459666,0.492212,1264.119293,0.388578,60
132,Ralph Arthur Roberts,Darsteller,6,68,3,0.461428,0.49325,1705.506152,0.338553,61
133,Willy Großstück,Kamera,6,53,4,0.432809,0.464607,1880.001425,0.202473,47
134,Grete Reinwald,Darsteller,5,49,4,0.445421,0.47378,712.795826,0.225266,40
135,Robert Neppach,Bauten,5,52,4,0.440531,0.472049,1724.779208,0.224005,47
136,Franz Seemann,Bauten,5,54,3,0.438525,0.470578,1624.513755,0.213732,50
137,Dina Gralla,Darsteller,5,58,4,0.445215,0.476289,880.196034,0.261575,48
138,Uwe Jens Krafft,Bauten/Darsteller,5,51,4,0.435156,0.463223,658.387031,0.171427,35
139,Philipp Manning,Darsteller,5,52,4,0.44958,0.479318,1044.406731,0.258366,48
140,Claire Rommer,Darsteller,5,58,4,0.454889,0.486414,1179.004661,0.318685,54
141,Franz Koch,Kamera,5,50,3,0.428762,0.459155,2757.990863,0.155941,42
142,Franz Seitz Sr.,Regie/Drehbuch,5,53,3,0.442962,0.470924,1564.568483,0.20168,40
143,Vera Schmiterlöw,Darsteller,5,50,4,0.44937,0.47802,1065.431859,0.243777,43
144,Carmen Boni,Darsteller,5,58,4,0.459885,0.489616,1233.428153,0.303345,52
145,Günther Krampf,Kamera,5,55,4,0.44916,0.480962,2080.700255,0.234758,52
146,Elisabeth Pinajeff,Darsteller,5,54,4,0.45275,0.48226,1045.439322,0.270223,49
147,Robert Reinert,Drehbuch/Regie,5,60,4,0.415086,0.447387,2712.013247,0.128363,43
148,Hans Jacoby,Bauten,5,53,4,0.414372,0.445483,467.426004,0.161111,37
149,Leo Birinski,Drehbuch,5,49,4,0.432226,0.463396,759.033626,0.217065,43
150,Elza Temáry,Darsteller,5,54,3,0.453176,0.483212,1612.901576,0.281093,51
151,Artur Guttmann,Musik,5,57,3,0.445833,0.477501,2045.17961,0.214904,52
152,Wilhelm Diegelmann,Darsteller,5,54,4,0.447699,0.477414,854.970686,0.284404,47
153,Rudolf Klein-Rogge,Darsteller,5,59,4,0.465442,0.494721,1420.783181,0.311474,56
154,Carl Ludwig Kirmse,Bauten,5,56,4,0.443983,0.474299,1264.604115,0.228033,47
155,Arthur Bergen,Regie/Drehbuch,5,52,3,0.435747,0.463309,404.789246,0.215865,36
156,Mutz Greenbaum,Kamera,5,57,4,0.441136,0.472828,944.702315,0.243816,46
158,Johannes Guter,Regie,5,50,3,0.451477,0.481135,1817.513213,0.247985,49
159,Rudolf Meinert,Produzent/Regie/Drehbuch,5,51,4,0.433588,0.459761,219.354512,0.185136,29
160,Liane Haid,Darsteller,5,58,4,0.441541,0.47603,1996.252171,0.250744,56
161,Ernö Verebes,Darsteller,5,59,4,0.443779,0.477587,1337.784872,0.285162,55
162,Mathias Wieman,Darsteller,5,57,4,0.446453,0.479058,1553.708621,0.246405,53
163,Mary Johnson,Darsteller,5,53,3,0.44666,0.476809,1121.18489,0.242065,48
164,Alfred Junge,Bauten,5,54,4,0.448951,0.479058,960.74892,0.252984,47
166,Marie-Louise Droop,Drehbuch,5,44,4,0.421998,0.452319,625.128709,0.185528,38
167,Willy Winterstein,Kamera,5,48,4,0.420524,0.45154,1301.526827,0.148905,38
168,Evelyn Holt,Darsteller,5,54,4,0.451477,0.481828,1626.329125,0.304818,49
169,Asta Nielsen,Darsteller,5,57,4,0.444393,0.473261,708.913515,0.247975,43
170,Ida Wüst,Darsteller,5,58,3,0.453817,0.485462,854.908643,0.378848,56
171,Paul Morgan,Darsteller,5,48,4,0.428953,0.460194,1401.436929,0.183295,42
172,Hans Sturm,Drehbuch/Darsteller,5,56,4,0.409613,0.437435,196.011045,0.146375,29
173,Sophie Pagay,Darsteller,5,58,4,0.44979,0.482866,1432.708525,0.297993,56
174,Erich Schönfelder,Regie,5,57,4,0.443779,0.473693,761.115665,0.261009,44
175,Adolf Otto Weitzenberg,Kamera,5,50,3,0.446868,0.476636,1880.46176,0.213441,47
176,Adolphe Engers,Darsteller,5,55,4,0.442352,0.473953,614.151254,0.310286,48
177,Henry Bender,Darsteller,5,52,4,0.419242,0.45206,751.688224,0.219082,45
178,Henry Stuart,Darsteller,5,57,4,0.44937,0.478712,746.053986,0.28929,45
179,Marcella Albani,Darsteller,5,56,4,0.445627,0.476722,1036.720497,0.270711,50
180,Walter Rilla,Darsteller,5,57,4,0.441338,0.472395,1820.597128,0.225728,48
181,Hermann Warm,Bauten,5,54,4,0.410486,0.436743,581.351177,0.129867,23
182,Oskar Marion,Darsteller,5,50,4,0.437926,0.468415,1470.849809,0.198634,45
183,Oskar Homolka,Darsteller,5,55,4,0.451477,0.481914,1515.439216,0.264284,51
184,Ewald Daub,Kamera,5,50,4,0.430872,0.463482,2068.856945,0.197268,47
185,Margarete Lanner,Darsteller,5,55,4,0.455319,0.484683,1103.552493,0.307944,50
186,Willy Rath,Drehbuch,5,51,4,0.445215,0.474991,1310.999501,0.216685,44
187,Fred Louis Lerch,Darsteller,4,49,4,0.436141,0.466078,1094.289747,0.241204,41
188,Erich Zander,Bauten,4,47,3,0.429527,0.458117,313.596209,0.227176,37
189,Rudolf Lettinger,Darsteller,4,45,4,0.436339,0.465992,1240.694491,0.189534,40
190,Rudolf Walther-Fein,Regie,4,45,4,0.424416,0.453271,150.724481,0.228403,34
192,Franz Schulz,Drehbuch,4,44,4,0.433004,0.463569,913.639627,0.203254,42
193,Eugen Neufeld,Darsteller,4,36,4,0.412773,0.442541,1640.619557,0.15631,35
194,Franz Osten,Regie,4,45,4,0.431065,0.459588,384.727301,0.197239,37
195,Fanny Carlsen,Drehbuch,4,57,4,0.437528,0.467376,576.254064,0.228011,43
196,Rudolf Dworsky,Produzent,4,47,4,0.436339,0.463569,201.302649,0.23675,35
198,Rolf Randolf,Regie,4,34,4,0.426862,0.452665,1040.07147,0.174015,26
199,Hermanna Barkhausen,Drehbuch,4,43,4,0.432809,0.461146,528.528738,0.19739,37
200,Heinrich George,Darsteller,4,43,4,0.42479,0.455607,1312.723964,0.172495,40
201,Friedl Behn-Grund,Kamera,4,44,4,0.420892,0.449117,287.299682,0.172427,32
202,Olga Tschechowa,Darsteller,4,41,4,0.413305,0.444271,1172.674017,0.144225,39
203,Imre Ráday,Darsteller,4,43,4,428,0.457511,808.938411,0.160005,37
204,Iwa Wanja,Darsteller,4,39,4,0.420157,0.44955,1185.912003,0.194771,35
205,Nien Sön Ling,Darsteller,4,43,4,0.42762,0.457857,579.454732,0.207699,39
206,Jaap Speyer,Regie,4,43,3,0.438924,0.467809,1058.627272,0.188413,41
207,Jakob Tiedtke,Darsteller,4,45,4,0.432226,0.462357,887.689288,0.214177,42
208,Jane Bess,Drehbuch,4,45,3,0.446868,0.474905,687.589041,0.252289,42
209,Mia Pankau,Darsteller,4,46,4,0.444804,0.47352,766.114257,0.22403,41
210,Johannes Brandt,Drehbuch/Regie,4,40,4,0.434371,0.460453,396.481553,0.170242,31
211,Julius von Borsody,Bauten,4,41,4,0.431645,0.460453,549.635124,0.186258,36
213,Karl Hasselmann,Kamera,4,44,4,0.412773,0.440983,538.754805,0.13989,31
214,Karl Puth,Kamera,4,46,4,0.435944,0.464261,596.359303,0.204022,38
215,Mary Kid,Darsteller,4,38,4,0.420524,0.44981,554.059705,0.162847,35
216,Marietta Millner,Darsteller,4,48,4,0.403435,0.42757,16.949317,0.114905,17
217,Maria Forescu,Darsteller,4,46,4,0.438924,0.469626,928.736633,0.223833,44
218,Liddy Hegewald,Produzent,4,46,4,0.421444,0.450069,241.610503,0.217611,33
219,Lissy Arna,Darsteller,4,45,4,0.437727,0.468242,972.574627,0.241022,43
220,Louis Ralph,Darsteller,4,46,4,0.431065,0.462098,864.011203,0.214654,42
222,Olga Limburg,Darsteller,4,48,4,0.44958,0.478626,3285.624724,0.237694,46
223,Hilde Maroff,Darsteller,4,40,4,0.417244,0.447127,3150.361637,0.185109,38
224,Robert Leffler,Darsteller,4,41,4,0.432809,0.462876,829.67024,0.196915,40
225,Hilde Jennings,Darsteller,4,41,4,0.432615,0.461319,1358.099113,0.183128,38
226,Fritz Freisler,Regie/Drehbuch,4,41,4,0.415803,0.443319,339.694152,0.140611,29
227,Fritz Greiner,Darsteller/Regie,4,42,4,0.42126,0.451281,2018.978179,0.137948,37
228,Robert Land,Regie,4,46,3,0.423297,0.451713,259.042797,0.202546,35
229,Georg Bruckbauer,Kamera,4,38,4,0.415444,0.441589,287.036882,0.15535,25
231,Georg John,Darsteller,4,43,3,0.447283,0.473866,681.04351,0.224138,38
232,Gertrud de Lalsky,Darsteller,4,47,4,0.437528,0.468415,1990.090636,0.201944,46
233,Reimar Kuntze,Kamera,4,37,4,0.422368,0.450329,1058.388271,0.166497,33
234,Greta Graal,Darsteller,4,41,3,0.445215,0.472828,1100.888323,0.210238,40
235,Hanni Weisse,Darsteller,4,43,4,0.440329,0.468328,448.533459,0.240564,37
236,Paul Rehkopf,Darsteller,4,38,3,0.423669,0.452406,1136.57897,0.161609,36
237,Hans Minzloff,Bauten,4,49,4,0.43555,0.464261,527.087281,0.25039,39
238,Hans Steinhoff,Regie,4,43,4,0.428762,0.45855,865.056616,0.221318,40
239,Paul Graetz,Darsteller,4,44,4,0.421998,0.453531,1281.862155,0.186857,40
240,Heinrich Gärtner,Kamera,4,49,4,0.409091,0.436916,186.035689,0.14893,29
241,Otto Wallburg,Darsteller,4,47,4,0.421076,0.450069,416.27505,0.18351,32
242,Henry de Vries,Darsteller,4,42,4,0.433004,0.463569,848.526448,0.208362,41
243,Ossi Oswalda,Darsteller,4,36,4,0.417606,0.446521,328.898093,0.182619,32
244,Hertha von Walther,Darsteller,4,57,4,0.437926,0.472309,2805.68777,0.205619,54
246,Mady Christians,Darsteller,4,43,4,0.42479,0.454483,604.358697,0.17202,37
248,Béla Balázs,Drehbuch,4,46,4,0.429144,0.460194,1374.654211,0.185896,42
249,Stewart Rome,Darsteller,4,48,4,0.403435,0.42757,16.949317,0.114905,17
250,Teddy Bill,Darsteller,4,43,4,0.415803,0.446781,587.20979,0.187241,39
251,Alexander Ferenczy,Bauten,4,51,4,0.440732,0.471963,803.122669,0.24361,46
252,Bobby Bender,Darsteller,4,38,4,0.416883,0.443666,397.437678,0.147824,29
253,Trude Hesterberg,Darsteller,4,47,4,0.441743,0.471703,812.962997,0.237917,43
254,Albert Paulig,Darsteller,4,47,4,0.424978,0.456732,1445.82562,0.162988,42
255,Christa Tordy,Darsteller,4,42,4,0.427051,0.456646,884.381117,0.187608,39
256,Charles Willy Kayser,Darsteller,4,40,4,0.441338,0.468242,853.288433,0.184438,36
257,Siegfried Philippi,Drehbuch/Regie,4,36,4,0.419974,0.445916,137.730486,0.165558,25
258,Bruno Mondi,Kamera,4,49,4,0.409091,0.436916,186.035689,0.14893,29
259,Alfred Gerasch,Darsteller,4,42,4,0.434567,0.463482,694.943275,0.207165,39
260,Sepp Allgeier,Kamera,4,50,4,0.425541,0.456819,1326.500594,0.21145,41
261,Elga Brink,Darsteller,4,48,4,0.403435,0.42757,16.949317,0.114905,17
262,Willy Fritsch,Darsteller,4,44,4,0.418878,0.448944,850.052909,0.140861,37
263,Alfred Solm,Darsteller,4,40,4,0.433198,0.462617,538.859667,0.205102,38
265,Hans Brausewetter,Darsteller,3,34,3,0.422554,0.449983,505.475908,0.171624,32
267,Brigitte Helm,Darsteller,3,40,4,0.419791,0.450069,826.977396,0.161312,36
268,Henry Kosterlitz,Drehbuch,3,35,4,0.428953,0.456992,543.81669,0.182942,33
269,Otto Kronburger,Darsteller,3,34,4,0.413838,0.442454,789.044529,0.146338,32
1057,Hella Moja,Darsteller/Drehbuch,2,20,4,0.390194,0.412946,56.645758,0.082879,17
271,Mathilde Sussin,Darsteller,3,31,4,0.410486,0.43882,649.483324,0.150566,31
272,Gernot Bock-Stieber,Regie/Drehbuch,3,27,4,0.370527,0.392091,38.867756,0.062068,15
273,Willy Reiber,Regie,3,32,4,0.413305,0.439858,295.580093,0.132388,28
274,Lee Parry,Darsteller,3,40,4,0.429527,0.456386,231.860663,0.199028,30
275,Georg Muschner,Kamera,3,38,4,0.381386,0.407407,506.575336,0.063366,26
276,Hans Waßmann,Darsteller,3,38,4,0.420892,0.448858,301.83994,0.197531,33
277,Walter Janssen,Darsteller,3,34,4,0.390987,0.416147,174.466786,0.096028,21
278,Gerhard Lamprecht,Drehbuch/Produzent/Regie,3,30,4,0.35906,0.375562,0,0.0359,10
279,Georg Baselt,Darsteller,3,35,4,0.393704,0.419955,91.320563,0.102423,21
280,Curt Courant,Kamera,3,31,4,0.393061,0.420561,553.916778,0.092412,28
282,Bernhard Schwidewski,Bauten,3,31,4,0.387837,0.414676,685.810009,0.089605,28
284,Fritz Arno Wagner,Kamera,3,44,4,0.430487,0.460713,1078.84543,0.170096,40
285,Walter Wassermann,Drehbuch,3,33,4,0.418696,0.446002,275.892876,0.167552,29
286,Hermine Sterler,Darsteller,3,31,4,0.402592,0.42956,282.32633,0.120708,27
287,Viktor Klein,Drehbuch,3,32,4,0.418332,0.445742,602.046428,0.171879,31
288,Paul Merzbach,Drehbuch,3,21,4,0.376613,0.398062,1479.540425,0.04914,18
1064,Abel Gance,Regie/Schnitt/Darsteller,3,0,0,0,0,0,0,0
290,Gennaro Righelli,Regie,3,32,4,0.402424,0.42982,142.192006,0.132535,26
291,Hermann Vallentin,Darsteller,3,33,4,0.408744,0.437608,421.270636,0.140895,30
292,Fritz Rasp,Darsteller,3,43,4,0.419425,0.450502,852.194406,0.15774,40
293,Fritz Wendhausen,Regie/Drehbuch,3,33,4,0.393061,0.418138,219.659792,0.087064,23
294,Leopold von Ledebur,Darsteller,3,37,4,0.431065,0.459328,517.257869,0.19478,34
295,Alexander Granach,Darsteller,3,31,4,0.40736,0.434839,295.914597,0.132579,28
296,Margit Barnay,Darsteller,3,31,4,0.398428,0.42558,533.768279,0.10669,30
297,Gerhard Ritterband,Darsteller,3,25,4,0.384278,0.407407,607.902215,0.081035,20
298,Otto Tober,Kamera,3,17,4,0.356931,0.374784,121.573496,0.03192,11
299,Otto Stenzeel,Musik,3,34,4,0.40857,0.436224,168.991318,0.145688,27
300,Joseph Dalmann,Drehbuch,3,22,4,0.373111,0.396417,488.669185,0.056766,21
301,Paul Richter,Darsteller,3,38,4,0.416883,0.447127,788.594791,0.167521,37
302,Paul Rischke,Kamera,3,31,4,0.410661,0.437608,185.516357,0.155955,27
303,Veit Harlan,Darsteller,3,36,4,0.417969,0.44704,268.229832,0.178074,32
304,Hedwig Wangel,Darsteller,3,32,4,0.403098,0.42757,121.004665,0.113756,20
305,Alfred Halm,Drehbuch,3,33,4,0.423856,0.450935,484.814043,0.166593,31
306,Hanni Reinwald,Darsteller,3,30,4,0.401585,0.427916,228.450079,0.112683,24
308,Hans Brennert,Drehbuch,3,35,4,0.406158,0.43233,142.31311,0.125383,22
309,Alfred Hansen,Kamera,3,31,4,0.421813,0.448339,190.930004,0.154847,27
312,Harry Gondi,Darsteller,3,27,4,0.403266,0.430166,3038.982246,0.107226,27
313,Camilla Horn,Darsteller,3,36,4,0.42781,0.455867,578.983989,0.164685,33
315,Géza von Bolváry,Regie,3,31,4,0.409787,0.43856,503.641227,0.132383,30
316,Mathieu Oostermann,Bauten,3,20,4,0.370812,0.390706,359.046348,0.044152,15
317,Käthe von Nagy,Darsteller,3,32,4,0.411714,0.439425,779.931828,0.137324,31
318,Paul Bildt,Darsteller,3,31,4,0.418514,0.446521,453.299304,0.151604,31
319,Paul Biensfeldt,Darsteller,3,33,4,0.416883,0.444358,148.157167,0.192882,31
320,Maria Reisenhofer,Darsteller,3,36,4,0.412243,0.44081,545.67544,0.15013,32
321,Karl Harbacher,Darsteller,3,30,4,0.411012,0.4383,376.238602,0.127665,28
322,Gräfin Agnes Esterhazy,Darsteller,3,36,4,0.42724,0.455088,239.170001,0.224306,34
323,Gritta Ley,Darsteller,3,25,4,0.39597,0.421772,822.703042,0.105784,23
324,Grit Haid,Darsteller,3,34,4,0.409439,0.437002,168.483343,0.180506,30
325,Warwick Ward,Darsteller,3,34,4,0.420892,0.448771,382.823971,0.14639,31
326,Alfons Fryland,Darsteller,3,32,4,0.431452,0.457511,199.293182,0.179841,28
327,Bruno Kastner,Darsteller,3,32,4,0.400416,0.426532,88.059327,0.161604,25
328,Alice Kempen,Darsteller,3,28,4,0.39532,0.419782,127.671224,0.09457,21
329,Gotthardt Wolf,Kamera,3,31,4,0.397277,0.423416,569.35816,0.082645,24
330,Ladislaus Vajda,Drehbuch,3,41,4,0.416342,0.447646,1000.081592,0.163588,40
331,Helene Hallier,Darsteller,3,31,4,0.404282,0.430685,121.488396,0.125163,25
332,Friedrich Weinmann,Kamera,3,39,4,0.420708,0.448512,283.51413,0.175946,32
333,André Mattoni,Darsteller,3,34,4,0.437926,0.463915,361.231905,0.203617,32
334,Suzy Vernon,Darsteller,3,34,4,0.423669,0.451713,430.197783,0.160035,32
335,Nina Vanna,Darsteller,3,32,4,0.430487,0.4563,292.155848,0.17081,29
336,Ernst Hofmann,Darsteller,3,26,4,0.404622,0.43008,421.925107,0.113051,23
337,Margarete Schlegel,Darsteller,3,34,3,0.432226,0.459155,745.291328,0.164987,33
338,Rudolf Forster,Darsteller,3,34,4,0.413482,0.441416,341.185922,0.152754,30
1063,Carl Froelich,Regie/Produzent,6,78,4,0.399254,0.426099,208.459031,0.106841,26
340,Iván Petrovich,Darsteller,3,33,4,0.425166,0.452146,216.486237,0.20345,31
1073,Carl Hoffmann,Kamera/Regie,5,56,4,0.42034,0.451021,1780.631285,0.130931,39
343,Anita Dorris,Darsteller,3,32,4,0.390511,0.416234,62.976569,0.098957,23
344,Asta Gundt,Darsteller,3,34,4,0.416522,0.444098,206.994933,0.156899,29
345,Armin Petersen,Drehbuch/Bauten,3,12,4,0.348408,0.363015,94.339666,0.028597,10
346,Rudolf Rittner,Darsteller/Drehbuch,3,36,4,0.397934,0.42333,101.612635,0.12344,22
347,Julia Serda,Darsteller,3,33,4,0.419608,0.4473,379.809259,0.166202,30
348,Ernö Metzner,Bauten/Drehbuch/Regie,3,27,4,0.371528,0.389235,0,0.045291,9
349,Arthur von Schwertführer,Kamera,3,35,4,0.419242,0.447646,836.0834,0.148822,34
350,Jenny Jugo,Darsteller,3,32,4,0.399917,0.42783,163.657729,0.124949,26
351,Ferdinand von Alten,Darsteller,3,32,4,0.404622,0.432676,341.75693,0.157083,30
352,Wilhelm von Kaufmann,Produzent,3,42,4,0.399254,0.426099,208.459031,0.106841,26
353,Jean Murat,Darsteller,3,31,3,0.423483,0.450156,554.003477,0.148237,30
354,Jean Bradin,Darsteller,3,37,4,0.422925,0.453011,641.46016,0.180269,36
355,James Bauer,Regie,3,28,4,0.379134,0.402994,349.597386,0.077008,25
356,Ludwig Lippert,Kamera,3,34,4,0.409265,0.437175,368.849498,0.131697,27
357,Emanuel Alfieri,Drehbuch,3,31,4,0.426484,0.451627,54.145231,0.172949,24
358,Adolf Lantz,Drehbuch,3,34,4,0.406158,0.433887,269.180108,0.1559,29
359,Ellen Kürty,Darsteller,3,31,4,0.402424,0.428262,198.533681,0.110387,26
360,Ellen Richter,Darsteller,3,32,4,0.39532,0.420734,49.231714,0.118549,21
361,Franz Rauch,Drehbuch,3,32,4,0.42479,0.452146,402.526088,0.182672,30
362,Arnold Fanck,Drehbuch/Regie/Schnitt,3,39,4,0.353135,0.371236,0,0.032852,12
363,Max Mack,Regie,3,29,4,0.414729,0.440204,106.453119,0.128466,23
364,Edda Croy,Darsteller,3,31,4,0.396459,0.421686,88.935799,0.117899,21
366,Erich Kettelhut,Bauten,3,42,4,0.419791,0.450329,1056.084397,0.149771,38
367,Ruth Goetz,Drehbuch,3,32,4,0.422739,0.450588,884.454391,0.157228,31
369,Werner Brandes,Kamera,3,29,4,0.398593,0.424541,532.159588,0.092591,25
370,Frederik Fuglsang,Kamera,3,42,4,0.424603,0.451021,156.897759,0.162909,29
371,Andrée Lafayette,Darsteller,3,34,4,0.411538,0.437349,40.852128,0.164309,24
372,Josef Than,Drehbuch,3,32,4,0.418514,0.444531,100.545957,0.163022,25
373,Wera Engels,Darsteller,3,31,4,0.422925,0.451194,486.217751,0.159399,31
374,Ernst B. Fey,Drehbuch,3,32,3,0.420524,0.446002,216.911754,0.149141,26
1080,Rosa Porten,Drehbuch/Regie,3,27,3,0.391623,0.413984,344.726906,0.083791,18
377,Wilhelm Stücklen,Drehbuch,2,24,4,0.391941,0.417445,125.209125,0.122194,23
378,Vilhelm Bryde,Bauten,2,11,4,0.320893,0.335064,78.358455,0.011617,8
380,Josef Somlo,Produzent,2,30,4,0.404112,0.430945,119.626839,0.129668,26
381,Camilla Spira,Darsteller,2,20,4,0.41295,0.437089,215.993541,0.112301,19
382,Mona Maris,Darsteller,2,25,4,0.386127,0.409398,17.569105,0.096006,18
383,Hans Theyer,Kamera,2,22,4,0.413838,0.4383,123.720045,0.132697,20
384,Karl Heinz Rudolph,Regie,2,16,5,0.26639,0.276237,0,0.003486,8
385,Bruno Lutz,Bauten,2,23,4,0.389879,0.41433,136.559216,0.097361,22
386,Andreas von Horn,Darsteller,2,14,4,0.36826,0.387418,106.70371,0.044016,13
388,Julius Balting,Kamera,2,20,4,0.402256,0.42731,129.898364,0.118242,20
389,Paul E. Hetzer,Bauten,2,21,4,0.387837,0.411301,219.809187,0.076293,20
390,Michael Bohnen,Darsteller,2,25,4,0.407878,0.433454,117.031168,0.134407,23
391,Josef Dietze,Kamera,2,18,4,0.383665,0.405417,210.871938,0.06618,17
393,Karl Wellert,Kamera,2,23,4,0.390194,0.412859,7.187716,0.099169,15
394,Alfred Zeisler,Drehbuch,2,22,4,0.391941,0.415282,115.093584,0.080875,20
395,Paul Ebner,Produzent,2,29,4,0.410136,0.434666,25.634578,0.137923,20
396,Max Maximilian,Darsteller,2,24,4,0.396459,0.42082,189.315122,0.112401,21
397,Melchior Lengyel,Drehbuch,2,24,4,0.40125,0.426791,78.768055,0.127919,23
398,Max Reichmann,Regie,2,21,4,0.403943,0.428695,93.22172,0.112977,20
399,Hans Wilhelm,Drehbuch,2,29,4,0.393061,0.417878,70.872919,0.091408,20
400,Joop von Hülsen,Darsteller,2,23,4,0.402424,0.42757,164.711007,0.117561,22
401,Maxim Galitzenstein,Produzent,2,29,4,0.410136,0.434666,25.634578,0.137923,20
402,Johannes Riemann,Darsteller,2,17,3,0.392261,0.41433,146.383409,0.078953,17
403,Anton Kuh,Drehbuch,2,22,4,0.359731,0.37712,0,0.045013,9
405,Heinrich Witte,Darsteller,2,20,4,0.368401,0.38612,8.970005,0.051777,10
406,Julius E. Herrmann,Darsteller,2,23,4,0.391941,0.415888,97.623213,0.086606,18
407,Walter Jerven,Drehbuch,2,21,4,0.387525,0.410696,44.045139,0.080979,18
408,Walter Reimann,Bauten,2,24,4,0.412067,0.437262,189.97159,0.117456,22
409,Max Gülstorff,Darsteller,2,24,4,0.399419,0.424888,258.709783,0.09901,21
410,Augusto Genina,Regie,2,22,4,0.397277,0.42307,194.196256,0.103899,22
411,Walter Robert Lach,Kamera,2,28,4,0.388463,0.414936,296.905189,0.096735,27
412,Nunzio Malasomma,Regie,2,22,4,0.398098,0.422032,57.945929,0.106548,19
413,Herbert Körner,Kamera,2,18,4,0.394672,0.418051,176.756268,0.089931,18
414,Hermann Fellner,Produzent,2,30,4,0.404112,0.430945,119.626839,0.129668,26
415,Otto Gebühr,Darsteller,2,24,4,0.400416,0.424541,39.084453,0.108462,19
416,Hugo Werner-Kahle,Darsteller,2,25,4,0.406329,0.433108,162.043394,0.134105,24
417,Max Ferner,Drehbuch,2,21,4,0.382143,0.404379,158.628348,0.063542,19
418,Kenneth Rive,Darsteller,2,23,4,0.394187,0.41883,133.899714,0.100012,21
419,Walter Supper,Drehbuch,2,28,4,0.375146,0.398148,64.756826,0.067616,19
420,Bert Bloem,Darsteller,2,21,4,0.384431,0.407754,169.343654,0.083082,20
421,Barbara von Annenkoff,Darsteller,2,22,4,0.417244,0.441589,181.502072,0.129543,22
422,Bernhard Goetzke,Darsteller,2,22,4,0.397277,0.422378,145.797641,0.10187,21
423,Hugo Fischer-Köppe,Darsteller,2,21,4,0.400749,0.425147,66.42772,0.117109,20
424,Hubert von Meyerinck,Darsteller,2,25,4,0.387994,0.4126,303.26837,0.080518,23
425,Holger-Madsen,Regie,2,24,4,0.400416,0.424541,39.084453,0.108462,19
427,Nils Asther,Darsteller,2,19,4,0.381991,0.404119,49.090535,0.089504,18
428,Aud Egede-Nissen,Darsteller,2,23,4,0.403943,0.428522,236.514852,0.111229,22
429,Julius Urgiß,Drehbuch,2,18,4,0.397934,0.421253,67.828192,0.094487,17
430,André Knox,Darsteller,2,24,4,0.400416,0.424714,82.658731,0.090262,20
431,Arthur Kraußneck,Darsteller,2,26,4,0.413482,0.439166,106.073628,0.157107,24
432,Karl Görge,Bauten,2,18,4,375,0.397542,177.033996,0.063702,18
433,Arthur Martinelli,Kamera,2,23,4,0.406844,0.43233,41.888159,0.14905,22
434,Walter Winnig,Musik,2,27,4,0.379582,0.403946,652.438957,0.068146,23
435,Willi Forst,Darsteller,2,21,4,0.397277,0.420907,33.551242,0.108438,18
436,Julius Jaenzon,Kamera,2,11,4,0.320893,0.335064,78.358455,0.011617,8
437,Helen von Münchhofen,Darsteller,2,20,4,0.401417,0.42532,76.087458,0.122461,20
438,Otto Voelckers,Bauten,2,21,4,0.388934,0.411648,33.940108,0.079233,17
439,Ivan Hedqvist,Darsteller,2,23,4,0.393704,0.419522,508.300927,0.080052,23
440,Helene Lackner,Drehbuch,2,18,4,0.381991,0.404465,253.704337,0.073764,18
441,Anna von Palen,Darsteller,2,23,4,0.423297,0.448339,107.271461,0.16414,23
1066,William Kahn,Regie/Drehbuch,2,20,4,0.358126,0.374005,0,0.033133,10
443,Helga Molander,Darsteller,2,20,4,0.401417,0.426012,64.780305,0.112914,20
444,Artur Robison,Drehbuch/Regie,2,24,4,0.377943,0.397975,0,0.056054,12
446,Jutta Jol,Darsteller,2,23,4,0.378538,0.400571,26.956649,0.079014,17
448,Erich Nitzschmann,Kamera,2,24,4,0.390511,0.415022,118.553071,0.101647,22
449,Carlo Aldini,Darsteller,2,22,4,0.398098,0.422032,57.945929,0.106548,19
450,Hans Schneeberger,Darsteller/Kamera,2,28,4,0.353135,0.371236,0,0.032852,12
451,Dorothy Douglas,Darsteller,2,14,4,0.337895,0.350467,0,0.016468,6
452,Franz Blei,Darsteller,2,22,4,0.359731,0.37712,0,0.045013,9
453,Franz Eckstein,Regie,2,20,3,0.391623,0.413984,344.726906,0.083791,18
454,Eduard von Borsody,Kamera,2,23,4,0.409265,0.434839,135187,0.127779,23
455,Eduard Rothauser,Darsteller,2,23,4,0.408224,0.433714,103.84726,0.138688,23
456,Stefan Lhotka,Bauten,2,20,4,0.386747,0.411128,102.941064,0.08217,19
458,Lotte Dietrich,Produzent,2,20,4,0.367137,0.386552,89.2691,0.048511,16
459,Robert Wiene,Regie,2,18,4,0.387525,0.41035,65.185526,0.093246,18
460,Lothar Stark,Produzent,2,23,4,0.408397,0.433628,170.734176,0.124139,22
1084,Mario Bonnard,Regie/Drehbuch,3,34,4,0.402929,0.429733,181.745556,0.118508,24
462,Lothar Knud Frederik,Drehbuch,2,24,4,0.394349,0.419609,893.567327,0.089611,22
463,Margarethe Schmahl,Drehbuch,2,14,4,0.337895,0.350467,0,0.016468,6
464,Friedrich Kayßler,Darsteller,2,26,4,0.418696,0.444618,216.994374,0.148102,25
465,Curt Helling,Kamera,2,17,4,0.366438,0.386726,71.601309,0.055555,16
466,Lily Damita,Darsteller,2,25,4,0.394187,0.419003,63.46926,0.109277,22
467,Lilian Harvey,Darsteller,2,23,4,0.369674,0.390793,20.267141,0.079352,17
468,Lil Dagover,Darsteller,2,22,4,0.391941,0.415974,48.751486,0.082285,17
469,Dagny Servaes,Darsteller,2,21,4,0.403266,0.427743,128.917452,0.096583,20
470,Hans Scheib,Kamera,2,11,4,0.354566,0.372447,0,0.02907,9
471,Theodor Loos,Darsteller,2,21,4,0.396133,0.420301,193.373044,0.099358,20
472,Robert Erdmannsdorffer,Bauten/Drehbuch,2,10,1,1,1,0,0.001048,4
473,Lia Eibenschütz,Darsteller,2,27,4,0.380032,0.405071,568.449619,0.070792,26
474,Fritz Schnell,Darsteller,2,14,4,0.337895,0.350467,0,0.016468,6
475,Robert Basilice,Bauten,2,18,4,0.394349,0.417013,63.712691,0.090131,16
476,Robert Baberske,Kamera,2,28,4,0.385508,0.410869,257.230906,0.077375,25
477,Toni Philippi,Darsteller,2,24,4,0.389248,0.4126,80.410261,0.091966,17
478,Agnes Petersen,Darsteller,2,22,4,0.391623,0.416321,110.765524,0.107711,22
479,Louise Woldera,Darsteller,2,23,4,0.393865,0.418657,277.386945,0.083455,21
480,Luciano Albertini,Darsteller,2,24,4,0.393543,0.417705,37.40702,0.113738,19
483,Erika Glässner,Darsteller,2,20,4,0.379732,0.40334,123.682785,0.081206,19
484,Lya Mara,Darsteller,2,28,4,0.41242,0.437695,58.653004,0.129369,22
485,Erich Grave,Bauten,2,23,4,0.400749,0.425147,123.300148,0.115497,20
486,Ernst Deutsch,Darsteller,2,20,4,0.390669,0.414417,194.091952,0.075234,20
487,Ernst Heinrich,Bauten,2,11,4,0.354566,0.372447,0,0.02907,9
488,Ernst Krohn,Kamera,2,20,4,0.352877,0.368726,15.850639,0.030627,13
1043,Eddy Busch,Drehbuch/Regie,3,42,4,0.410136,0.434666,25.634578,0.137923,20
490,Luise Heilborn-Körbitz,Drehbuch,2,22,4,0.392901,0.417359,154.31598,0.094641,20
491,Eric Barclay,Darsteller,2,20,4,0.36826,0.391052,229.661875,0.056583,20
492,Emmy Wyda,Darsteller,2,21,4,0.372678,0.39486,305.197669,0.070498,21
493,Adolf Edgar Licho,Darsteller/Drehbuch,2,29,4,0.38815,0.414157,389.19982,0.080826,27
494,Seymour Nebenzahl,Produzent,2,24,4,0.381991,0.406802,356.094712,0.077968,22
495,Luigi Serventi,Darsteller,2,22,4,0.400916,0.426099,177.916266,0.106847,22
496,Emil Heyse,Darsteller,2,23,4,0.394026,0.419263,195.789145,0.090113,23
497,Ludwig von Wohl,Drehbuch,2,22,4,0.40192,0.425753,34.449199,0.112641,18
498,Else Reval,Darsteller,2,24,4,0.408397,0.433628,124.119929,0.150762,24
499,Eva Speyer,Darsteller,2,21,4,0.387681,0.411215,337.730593,0.072172,20
500,Elsa Wagner,Darsteller,2,24,4,0.387525,0.412167,217.709132,0.087394,22
501,Fee Malten,Darsteller,2,22,4,0.385508,0.408619,566.846959,0.064095,19
502,Elisabeth Bach,Darsteller,2,20,4,0.395158,0.418051,42.692863,0.095409,16
503,Rudolf Biebrach,Darsteller/Regie,2,18,4,0.374126,0.392696,0,0.048024,9
505,Lucy Doraine,Darsteller,2,25,4,0.392741,0.419003,254.611796,0.102818,24
507,Leopold Blonder,Bauten,2,22,4,0.405133,0.430599,163.710857,0.120657,22
508,Fritz Kaufmann,Produzent/Regie,2,16,4,0.349546,0.363707,0,0.024269,8
509,Käte Haack,Darsteller,2,14,4,0.378985,0.399965,122.677461,0.063243,14
510,Charles Lincoln,Darsteller,2,23,4,0.414729,0.439598,173.03598,0.124785,23
511,Charly Berger,Darsteller,2,25,4,0.351974,0.371063,102.803946,0.034073,18
512,Charlotte Ander,Darsteller,2,23,4,0.417787,0.442195,61.432994,0.149729,20
513,Victor Colani,Darsteller,2,21,4,0.394187,0.419522,307.534516,0.093085,20
514,Charlie K. Roellinghoff,Drehbuch,2,25,4,0.405987,0.43181,299.998094,0.108462,24
515,Gustaf Molander,Regie,2,11,4,0.320893,0.335064,78.358455,0.011617,8
517,Paul Rosenhayn,Drehbuch,2,24,4,0.411187,0.437089,181.891749,0.145496,24
518,Valeska Stock,Darsteller,2,21,4,0.39451,0.41857,355.521325,0.096859,20
519,Charles Métain,Kamera,2,27,4,0.403604,0.429474,559.545845,0.103835,24
520,Hans Bloch,Kamera,2,18,4,0.36108,0.380235,105.407256,0.048345,15
521,Victor Janson,Regie,2,22,4,0.396459,0.420561,62.621227,0.118663,20
523,Peter Rochelsberg,Bauten,2,21,4,0.388934,0.411648,33.940108,0.079233,17
524,Peter Paul Felner,Drehbuch/Regie,2,18,4,0.34803,0.363361,0,0.026076,9
525,Günther Rittau,Kamera,2,21,4,0.405133,0.429387,143.495773,0.102721,19
526,Willy Haas,Drehbuch,2,28,4,0.403604,0.42783,60.658024,0.112545,21
527,Carmen Cartellieri,Darsteller,2,19,4,0.367137,0.388024,416.411431,0.049766,18
528,Hanns Beck-Gaden,Bauten/Regie,2,4,5,0.30494,0.315784,0,0.006275,2
530,Carla Bartheel,Darsteller,2,23,4,0.415444,0.439858,125.555286,0.122394,20
531,Cilly Feindt,Darsteller,2,21,4,0.404452,0.428609,94.938211,0.110051,19
533,Maria Korda,Darsteller,2,21,4,0.404622,0.429907,142.18747,0.112635,20
534,Hans Männling,Kamera,2,22,4,0.404622,0.429474,140.486372,0.116183,21
535,Willy Schiller,Bauten,2,22,4,0.411363,0.436137,132.370502,0.13213,21
537,Corry Bell,Darsteller,2,22,4,0.410486,0.434666,229.712745,0.114567,21
538,Richard Löwenbein,Regie,2,21,4,0.400582,0.424974,104.253225,0.104349,20
539,Constantin J. David,Regie,2,21,4,0.390669,0.41433,330.549181,0.076194,21
540,Georg Heinrich Schnell,Darsteller,2,19,4,0.382295,0.405244,111.40928,0.080559,19
541,Hans Otto Löwenstein,Drehbuch/Regie,2,16,4,0.332872,0.346314,0,0.018076,8
542,Maria Jacobini,Darsteller,2,21,4,0.384738,0.40983,110.428591,0.080956,20
543,Renée Héribel,Darsteller,2,22,4,0.387525,0.411648,77.473187,0.088836,19
544,Alexander Rasumny,Regie,2,22,4,0.390353,0.414157,73.572959,0.094054,20
545,Gerti Gerdt,Darsteller,2,20,4,0.352877,0.368726,15.850639,0.030627,13
546,Martin Berger,Regie,2,21,4,0.411363,0.435877,113.421855,0.128529,20
547,Kurt Bernhardt,Regie,2,21,4,0.401083,0.42558,118.217581,0.102432,20
548,Renate Brausewetter,Darsteller,2,20,4,0.404452,0.429301,111.294443,0.109884,19
549,Victor Abel,Drehbuch,2,22,4,0.391941,0.415282,115.093584,0.080875,20
550,Truus van Aalten,Darsteller,2,22,4,0.390194,0.413811,144.333897,0.091042,20
551,Zoltan Korda,Regie,1,11,4,0.38275,0.402561,0,0.072344,11
552,Mary Carr,Darsteller,1,11,4,0.380632,0.400398,0,0.073146,11
553,Marc Bujard,Kamera,1,14,4,0.340764,0.358169,0,0.025158,13
554,Mary Nolan,Darsteller,1,10,4,0.372534,0.390447,0,0.047993,9
555,Zimmermann,Bauten,1,18,4,0.36203,0.380841,7640,0.032911,17
556,Willy Allen,Darsteller,1,14,4,0.376172,0.396504,0,0.062469,12
558,die arabische Frau Alis,Darsteller,1,11,4,0.36826,0.387591,0,0.054818,11
559,Yvette Darnys,Darsteller,1,11,4,0.359865,0.377985,0,0.040196,10
560,Marcell Salzer,Darsteller,1,9,4,0.357196,0.37262,0,0.036968,9
561,Mark Sorkin,Schnitt,1,18,4,0.365881,0.387072,0,0.0514,17
562,Max Magnus,Darsteller,1,12,5,0.33484,0.349446,0,0.017415,10
563,Margot Walter,Darsteller,1,11,4,0.386282,0.406369,0,0.08148,11
1085,Romano Mengon,Regie/Drehbuch,3,26,4,0.393704,0.416667,60.405753,0.092214,17
565,Xaver Terofal,Darsteller,1,10,4,0.346652,0.361284,0,0.025124,10
566,Max Faßbender,Kamera,1,12,4,0.387058,0.407754,0,0.076184,12
567,Maria Asti,Darsteller,1,12,4,0.33184,0.345362,0,0.016927,10
568,Maria Dalbaicin,Darsteller,1,10,4,0.367979,0.385427,0,0.040189,10
569,Maurice Decobra,Drehbuch,1,9,4,0.349546,0.363707,0,0.024269,8
570,Wladimir Gaidarow,Darsteller,1,11,4,0.36826,0.387591,0,0.054818,11
571,Margarethe Schön,Darsteller,1,11,4,0.393543,0.41459,0,0.080344,11
1079,Eddie Polo,Darsteller/Regie,6,36,4,0.349166,0.364746,33.883125,0.025392,10
573,Wladimir von Meinhardt,Bauten,1,14,4,0.340764,0.358169,0,0.025158,13
1070,Felix Basch,Regie/Drehbuch,5,51,4,0.430295,0.459588,381.299998,0.215968,37
575,Wolf Albach-Retty,Darsteller,1,12,5,0.33484,0.349446,0,0.017415,10
576,Maria Matray,Darsteller,1,13,4,0.379882,0.401869,0,0.069811,11
577,Maria Minzenti,Darsteller,1,9,4,0.369816,0.386726,0,0.048772,9
578,Max Grühl,Regie,1,0,0,0,0,0,0,0
579,Max Hansen,Darsteller,1,12,4,0.382598,0.40334,0,0.083912,12
580,Margarete M. Langen,Drehbuch,1,11,4,0.366438,0.384389,0,0.045013,10
581,Wolfgang Hoffmann-Harnisch,Regie,1,11,4,0.360269,0.378072,0,0.041201,11
582,Maria Andrejewa,Darsteller,1,13,4,0.383818,0.40559,0,0.065173,13
583,Maria Zelenka,Darsteller,1,9,4,0.360945,0.376687,0,0.030192,9
1067,G. W. Pabst,Regie/Schnitt,2,34,4,0.365881,0.387072,0,0.0514,17
585,Willi Münzenberg,Produzent,1,12,4,0.379433,0.399706,0,0.077538,12
586,Wolfgang von Schwindt,Darsteller,1,13,4,0.350948,0.367774,0,0.038313,11
587,Max Monato,Drehbuch,1,9,4,0.354566,0.372447,0,0.02907,9
588,Walter Bransen,Musik,1,11,4,0.376466,0.395379,0,0.051534,11
1051,Paul Heidemann,Darsteller/Regie/Produzent/Drehbuch,9,78,4,0.452113,0.48278,1460.633497,0.268433,52
590,Richard Teschner,Regie,1,12,5,0.33484,0.349446,0,0.017415,10
591,Stefan Wilms,Drehbuch,1,11,4,0.365604,0.384995,0,0.057342,11
592,Stina Berg,Darsteller,1,7,4,0.320786,0.334545,0,0.011337,7
593,Stuart Josef Lutz,Drehbuch,1,9,4,0.360945,0.376687,0,0.030192,9
594,Sybil Morel,Darsteller,1,11,4,0.355351,0.371409,0,0.039411,11
595,Sylvester Bauriedel,Darsteller,1,11,4,0.346777,0.362669,0,0.031569,11
1062,Wilhelm Thiele,Drehbuch/Regie,8,84,4,0.436339,0.468674,1535.834794,0.185354,48
597,Tanzmeister und Lolas Impressario,Darsteller,1,12,4,0.356271,0.372793,0,0.053176,11
598,Tilde Förster,Drehbuch,1,11,4,0.390987,0.411561,0,0.081907,11
599,Robert Dinesen,Regie,1,11,4,0.372534,0.391831,0,0.049235,11
600,Madeleine Lavallier,Darsteller,1,8,5,0.305909,0.319886,0,0.008319,8
601,Rita Roberts,Darsteller,1,9,5,0.26639,0.276237,0,0.003486,8
602,Rina De Liguoro,Darsteller,1,12,5,0.33484,0.349446,0,0.017415,10
603,Richard Rillo,Drehbuch,1,12,4,0.380332,0.400225,0,0.06365,12
604,Ragnar Hyltén-Cavallius,Regie,1,10,4,0.366299,0.383697,0,0.038589,10
605,Toni Tetzlaff,Darsteller,1,13,4,0.371671,0.391052,0,0.041513,11
1050,Max Obal,Regie/Drehbuch,3,34,4,0.393543,0.417705,37.40702,0.113738,19
608,Richard Arvay,Drehbuch,1,12,4,0.387058,0.407754,0,0.076184,12
609,Richard Angst,Kamera,1,15,4,0.353135,0.371236,0,0.032852,12
610,Tony Ebärg,Darsteller,1,11,4,0.358126,0.374005,0,0.033133,10
611,Ressel Orla,Darsteller,1,10,4,0.351332,0.365265,0,0.026383,9
612,Trude Santen,Regie,1,9,4,0.356139,0.372361,0,0.037866,9
613,Tzwetta Tzatschewa,Darsteller,1,10,4,0.376025,0.396417,0,0.061356,10
614,Uno Henning,Darsteller,1,18,4,0.365881,0.387072,0,0.0514,17
615,Valerie Jones,Darsteller,1,12,4,0.377943,0.397802,0,0.067061,11
616,Raoul Aubourdier,Kamera,1,14,4,0.384892,0.406888,0,0.075801,14
617,Stefan Wessely,Bauten,1,11,4,0.349293,0.363967,0,0.025781,11
618,Robert Siodmak,Schnitt,1,12,4,0.33184,0.345362,0,0.016927,10
619,Robert Stahl,Drehbuch,1,9,4,0.356139,0.372361,0,0.037866,9
620,Robert Wohlmuth,Regie,1,11,4,0.349293,0.363967,0,0.025781,11
621,Ruth Weyher,Darsteller,1,11,4,0.380032,0.400225,0,0.070087,11
622,Sascha Gura,Darsteller,1,12,4,0.33184,0.345362,0,0.016927,10
623,Ruth Rickelt,Darsteller,1,4,1,1,1,0,0.001048,4
624,Ruth Feiner,Darsteller,1,12,4,0.356667,0.373486,0,0.048731,12
625,Rudolph Maté,Kamera,1,11,4,0.380032,0.400225,0,0.070087,11
626,Sass,Bauten,1,11,3,0.385508,0.404811,0,0.07021,11
627,Rudolf Schlesinger,Kamera,1,6,1,1,1,0,0.001048,4
628,Rudolf Meinhardt-Jünger,Regie,1,9,4,0.344174,0.358515,0,0.023213,9
629,Sidney Morgan,Regie,1,11,4,0.393543,0.414417,0,0.08241,11
630,Siegfried Berisch,Darsteller,1,11,4,0.358126,0.374005,0,0.033133,10
631,Rudolf Leonhard,Drehbuch,1,18,4,0.365881,0.387072,0,0.0514,17
632,Rudolf Klein-Rohden,Darsteller,1,8,5,0.305909,0.319886,0,0.008319,8
633,Sigurd Baller,Darsteller,1,9,5,0.26639,0.276237,0,0.003486,8
634,Simone Vaudry,Darsteller,1,10,4,0.34803,0.363361,0,0.026076,9
635,Rudolf Basil,Darsteller,1,6,4,0.325338,0.338352,0,0.012159,6
636,Rudolf Bamberger,Bauten,1,13,4,0.379882,0.401869,0,0.069811,11
637,Rosa Wachtel,Drehbuch,1,11,4,0.349293,0.363967,0,0.025781,11
1081,Klaus Fery,Drehbuch/Produzent,3,35,4,0.400416,0.424714,82.658731,0.090262,20
1086,Josef Berger,Regie/Darsteller,2,10,1,1,1,0,0.001048,4
640,Sinaida Korolenko,Darsteller,1,11,4,0.367838,0.388283,0,0.052825,11
641,Rolf Raffé,Regie,1,6,4,0.325338,0.338352,0,0.012159,6
642,Rolf Müller,Darsteller,1,10,4,0.361894,0.379543,0,0.047321,10
643,Roggers,Kamera,1,6,5,0.341247,0.354811,0,0.017449,6
644,Roger Hubert,Kamera,1,14,4,0.340764,0.358169,0,0.025158,13
645,Sophus Wangøe,Kamera,1,9,4,0.360809,0.377553,0,0.035477,9
646,Valeska Gert,Darsteller,1,11,4,0.379433,0.400225,0,0.063681,10
647,Valy Arnheim,Darsteller,1,11,4,0.358126,0.374005,0,0.033133,10
648,Max Oswatitsch,Darsteller,1,9,5,0.26639,0.276237,0,0.003486,8
649,Nikolai Toporkoff,Kamera,1,14,4,0.340764,0.358169,0,0.025158,13
650,Otto Moldenhauer,Bauten,1,12,4,0.35906,0.375562,0,0.0359,10
651,Otto Martini,Kamera,1,12,4,0.369532,0.386899,0,0.050736,10
652,Otto Hunte,Bauten,1,18,4,0.365881,0.387072,0,0.0514,17
653,Walter Slezak,Darsteller,1,10,4,0.370955,0.389148,0,0.050709,9
654,Walter Steinbeck,Darsteller,1,13,4,0.349166,0.365351,0,0.028454,11
655,Oscar Sachs,Darsteller,1,12,4,0.387837,0.408619,0,0.073718,12
656,Werner Bohne,Kamera,1,8,5,0.305909,0.319886,0,0.008319,8
657,Olaf Storm,Darsteller,1,9,4,0.362985,0.378937,0,0.044273,9
658,O. L. von Günz,Darsteller,1,9,4,0.35906,0.375562,0,0.03948,9
659,Norbert Falk,Drehbuch,1,11,4,0.36826,0.387591,0,0.054818,11
660,Nora Gregor,Darsteller,1,13,4,0.365326,0.383956,0,0.043125,13
661,Nino Ottavi,Drehbuch,1,11,4,0.375146,0.3946,0,0.065349,11
1048,Heinz Paul,Regie/Drehbuch,3,28,4,0.390194,0.412946,56.645758,0.082879,17
663,Phil Jutzi,Regie,1,9,4,0.360945,0.376687,0,0.030192,9
664,Werner KraußKokainsüchtiger,Darsteller,1,11,4,0.384124,0.405071,0,0.063375,10
665,Werner Leffler,Darsteller,1,9,4,0.362985,0.378937,0,0.044273,9
666,Nico Turoff,Darsteller,1,6,5,0.306688,0.320405,0,0.009251,6
667,Werner Scheff,Drehbuch,1,11,4,0.372246,0.392523,0,0.050598,10
668,Neil Brand,Musik,1,15,4,0.353135,0.371236,0,0.032852,12
669,Wilhelm Byrde,Bauten,1,10,4,0.366299,0.383697,0,0.038589,10
670,Natalja Lisenko,Darsteller,1,12,4,0.386747,0.407927,0,0.073054,12
671,Mois Safra,Kamera,1,11,4,0.379582,0.400571,0,0.065861,11
672,Minje van Grooten,Darsteller,1,6,4,0.325338,0.338352,0,0.012159,6
673,Michael Balcon,Produzent,1,15,4,0.371241,0.391312,0,0.069507,14
674,Max Tobien,Darsteller,1,9,4,0.369107,0.386466,0,0.045704,9
675,Max Schreck,Darsteller,1,11,4,0.379732,0.399706,0,0.056251,10
676,Otto Reinwald,Darsteller,1,10,4,0.341126,0.354881,0,0.022122,9
677,Otz Tollen,Drehbuch,1,11,4,0.369248,0.390014,0,0.051231,11
678,Walter Harvey-Pape,Kamera,1,12,4,0.356667,0.373486,0,0.048731,12
679,Paul Beyer,Drehbuch,1,11,4,0.376466,0.395379,0,0.051534,11
680,Peter Voss,Darsteller,1,13,4,0.380934,0.400744,0,0.057705,12
681,Peter Heuser,Regie,1,11,4,0.355351,0.371409,0,0.039411,11
682,Peter C. Leska,Darsteller,1,13,4,0.365326,0.383956,0,0.043125,13
683,Paul Wolf,Drehbuch,1,3,5,0.328445,0.338214,0,0.009658,1
1040,Ludwig Berger,Drehbuch/Regie,3,34,4,0.406329,0.431897,134.53329,0.121209,21
686,Paul Samson-Körner,Darsteller,1,6,5,0.306688,0.320405,0,0.009251,6
687,Paul Reboux,Drehbuch,1,15,4,0.382446,0.404206,0,0.072665,14
688,Victor Horwitz,Darsteller,1,10,4,0.375878,0.395552,0,0.06059,10
689,Victor Senger,Darsteller,1,11,4,0.384278,0.404552,0,0.086778,11
690,Victor Trivas,Bauten,1,18,4,0.365881,0.387072,0,0.0514,17
691,Paul Kretschmar,Darsteller,1,12,4,0.356007,0.372534,0,0.045626,9
692,Paul Kramer,Darsteller,1,7,4,0.345533,0.359207,0,0.02138,6
693,Paul Knudsen,Drehbuch,1,13,4,0.365326,0.383956,0,0.043125,13
694,Paul Henckels,Darsteller,1,8,4,0.362575,0.378072,0,0.038699,8
1052,Carl Wilhelm,Regie/Drehbuch,3,33,4,0.411538,0.436743,90.178014,0.136673,22
698,Paul Falkenberg,Schnitt,1,18,4,0.365881,0.387072,0,0.0514,17
699,Viola Garden,Darsteller,1,9,4,0.357196,0.37262,0,0.036968,9
700,Waldemar Pottier,Darsteller,1,10,4,0.361894,0.379543,0,0.047321,10
702,Sandra Milovanoff,Darsteller,1,12,4,0.387837,0.408619,0,0.073718,12
1083,Fred Sauer,Regie/Drehbuch,5,56,3,0.432615,0.462617,861.115103,0.209838,42
705,Ritter von Eberlein,Drehbuch,1,9,4,0.353006,0.368986,0,0.03364,9
706,A. Kersting,Bauten,1,9,4,0.354566,0.372447,0,0.02907,9
707,László Schäffer,Kamera,1,9,4,0.36108,0.377466,0,0.043966,8
708,E. Sulke,Drehbuch,1,12,4,0.385046,0.406456,0,0.074492,12
709,Edmund Heuberger,Drehbuch,1,13,4,0.349166,0.365351,0,0.028454,11
710,Ekkehard Arendt,Darsteller,1,10,4,0.360945,0.377985,0,0.040288,9
711,Elfriede Jerra,Darsteller,1,9,5,0.26639,0.276237,0,0.003486,8
712,Elisabeth Bergner,Darsteller,1,15,4,0.353524,0.371668,0,0.035068,13
713,Elisabeth Neumann-Viertel,Darsteller,1,15,4,0.353524,0.371668,0,0.035068,13
714,Elsa Krüger,Darsteller,1,11,4,0.385046,0.404119,0,0.068382,10
715,Emil Höfer,Darsteller,1,11,4,0.346777,0.362669,0,0.031569,11
716,Emil Lind,Darsteller,1,10,4,0.362575,0.380841,0,0.044766,10
717,Emil Rameau,Darsteller,1,11,4,0.384892,0.405157,0,0.095939,11
718,Emil Waldmann,Drehbuch,1,11,4,0.371528,0.389235,0,0.045291,9
719,Eric Tamara,Regie,1,7,4,0.364083,0.380149,0,0.034385,7
720,Erich Eriksen,Regie,1,9,4,0.373111,0.391571,0,0.047869,9
721,Erich Herzog,Drehbuch,1,10,4,0.359597,0.377639,0,0.044321,10
722,Erich Kraft,Drehbuch,1,11,4,0.386592,0.407061,0,0.067088,10
1072,Franz Hofer,Regie/Drehbuch,6,54,4,0.373111,0.394427,167.60727,0.057015,20
724,Erika von der Bussche,Drehbuch,1,10,4,0.364083,0.383178,0,0.04866,10
725,Ernst Gronau,Darsteller,1,11,4,0.355351,0.37063,0,0.031158,10
1044,Georg Jacoby,Regie/Produzent,5,61,4,0.423111,0.450242,148.122919,0.195397,29
727,E. Preuss,Bauten,1,9,4,0.354566,0.372447,0,0.02907,9
728,Ernst Lüttgens,Kamera,1,12,4,0.379582,0.400398,0,0.082464,12
730,Claude Mérelle,Darsteller,1,14,4,0.384892,0.406888,0,0.075801,14
731,Clementine Plessner,Darsteller,1,11,4,0.349293,0.363967,0,0.025781,11
732,Conrad Wienecke,Kamera,1,11,4,0.357461,0.37288,0,0.036027,11
733,Curt Bois,Darsteller,1,13,4,0.378389,0.398494,0,0.074313,12
734,Curt Lauermann,Drehbuch,1,12,4,0.364635,0.382572,0,0.045019,12
735,Curt Thomalla,Drehbuch,1,11,4,0.382598,0.402648,0,0.065677,11
736,Curt Wesse,Drehbuch,1,11,4,0.376319,0.395206,0,0.07177,11
737,D. D'Arigo,Darsteller,1,11,4,0.371528,0.389235,0,0.045291,9
738,Daisy Lorand,Darsteller,1,9,5,0.26639,0.276237,0,0.003486,8
739,Dante Capelli,Darsteller,1,12,5,0.33484,0.349446,0,0.017415,10
740,Dary Holm,Darsteller,1,13,4,0.349166,0.365351,0,0.028454,11
741,David Schratter,Produzent,1,10,4,0.351332,0.365265,0,0.026383,9
742,Desider Kertesz,Regie,1,11,4,0.355351,0.371409,0,0.039411,11
743,Diana Diercks,Darsteller,1,11,4,0.378687,0.397456,0,0.052717,11
744,Dietrich Ulpts,Darsteller,1,8,4,0.347403,0.360938,0,0.024858,8
745,Dorothea Wieck,Darsteller,1,10,4,0.373111,0.391225,0,0.056313,10
1054,Arthur Wellin,Darsteller/Regie,2,25,4,0.415444,0.441243,113.161129,0.152691,24
747,Ernst Iros,Drehbuch,1,10,4,0.372534,0.390447,0,0.047993,9
748,Ernst Schütte,Bauten,1,11,4,0.369248,0.390014,0,0.051231,11
749,Lydia Böttcher,Darsteller,1,10,4,0.359597,0.377639,0,0.044321,10
750,Franz Doelle,Drehbuch,1,12,4,0.390194,0.411388,0,0.082484,11
751,Franz Meschkan,Bauten,1,12,4,0.372534,0.392177,0,0.07377,12
752,Franz Verdier,Darsteller,1,10,4,0.356931,0.372188,0,0.031215,9
753,Fred Hildenbrandt,Drehbuch,1,13,4,0.350948,0.367774,0,0.038313,11
754,Fred Raymond,Musik,1,11,4,0.346777,0.362669,0,0.031569,11
755,Freund von John und Lee,Darsteller,1,12,4,0.371671,0.389841,0,0.058947,11
756,Frieda Lehndorff,Darsteller,1,10,4,0.346652,0.361284,0,0.025124,10
757,Friedrich Berger,Darsteller,1,12,4,0.33184,0.345362,0,0.016927,10
758,Friedrich Koslowsky,Drehbuch,1,11,4,0.349293,0.363967,0,0.025781,11
759,Friedrich Paulsen,Bauten,1,11,3,0.385508,0.404811,0,0.07021,11
760,Friedrich Stein,Drehbuch,1,11,4,0.359865,0.377985,0,0.040196,10
761,Fritz Hirsch,Darsteller,1,12,4,0.356667,0.373486,0,0.048731,12
762,Fritz Odemar,Darsteller,1,12,4,0.380482,0.401263,0,0.073715,12
763,Fritz Oppenheimer,Drehbuch,1,12,4,0.380332,0.400225,0,0.06365,12
764,Fritz Russ,Darsteller,1,9,4,0.344174,0.358515,0,0.023213,9
765,Fritz Weiß,Drehbuch,1,9,4,0.343316,0.357217,0,0.032219,9
766,G. Huber,Darsteller,1,9,4,0.328333,0.341295,0,0.01705,8
768,Franz Meinecke,Kamera,1,12,4,0.33184,0.345362,0,0.016927,10
769,Franz Bertl Seyr,Kamera,1,11,4,0.379433,0.3991,0,0.060838,11
770,Ernst Stahl-Nachbaur,Darsteller,1,11,4,0.372246,0.392523,0,0.050598,10
771,Franz Baumann,Darsteller,1,11,4,0.376466,0.395379,0,0.051534,11
1060,Karl Grune,Regie/Drehbuch,3,30,4,0.403604,0.428176,94.239302,0.107887,20
773,Ernst Wolff,Drehbuch,1,11,4,0.368542,0.386206,0,0.041286,11
774,Erwin Piscator,Drehbuch,1,2,1,1,1,0,0.000213,1
775,Eugen Dumont,Darsteller,1,9,4,0.354566,0.372447,0,0.02907,9
1078,Max Glass,Drehbuch/Produzent,5,52,4,0.413838,0.442541,266.885663,0.16276,32
778,Eugen Klöpfer,Darsteller,1,11,4,0.386592,0.407061,0,0.067088,10
779,Eva Lindner,Drehbuch,1,8,4,0.347403,0.360938,0,0.024858,8
1071,Erich Waschneck,Regie/Drehbuch/Produzent,7,72,4,0.420892,0.449117,287.299682,0.172427,32
781,Ferdinand Bellan,Bauten,1,14,4,0.38275,0.404984,0,0.075437,13
782,Ferdinand Bonn,Darsteller,1,10,4,0.367137,0.385341,0,0.053329,9
783,Ferdinand Martini,Darsteller,1,10,4,0.367698,0.385514,0,0.045797,10
784,Fern Andra,Darsteller,1,11,4,0.375146,0.3946,0,0.065349,11
785,Ferry Sikla,Darsteller,1,9,4,0.371098,0.388975,0,0.052019,9
786,Francine Mussey,Darsteller,1,14,4,0.386437,0.409052,0,0.089065,14
787,Francis Cuyler,Darsteller,1,11,4,0.369816,0.389062,0,0.05959,11
788,Frank Arnau,Darsteller,1,4,1,1,1,0,0.001048,4
789,Claude Autant-Lara,Bauten,1,14,4,0.340764,0.358169,0,0.025158,13
790,Claire Lotto,Darsteller,1,5,4,0.355744,0.368813,0,0.025685,4
791,Claire Kronburger,Darsteller,1,9,4,0.328333,0.341295,0,0.01705,8
792,Alfred Graening,Darsteller,1,10,4,0.359597,0.377639,0,0.044321,10
793,Alfred Torge,Darsteller,1,9,4,0.357328,0.373659,0,0.039221,9
794,Alice Miller,Drehbuch,1,13,4,0.377943,0.397975,0,0.056054,12
795,Anders Wilhelm Sandberg,Regie,1,13,4,0.365326,0.383956,0,0.043125,13
796,Andreas Behrens-Klausen,Darsteller,1,12,4,0.35906,0.375562,0,0.0359,10
797,André Guichard,Kamera,1,10,4,0.345905,0.360592,0,0.025038,10
798,André Roanne,Darsteller,1,14,4,0.384892,0.406888,0,0.075801,14
799,Anna Kallina,Darsteller,1,11,4,0.349293,0.363967,0,0.025781,11
800,Anna von Strantz-Führing,Darsteller,1,11,4,0.379134,0.397975,0,0.051684,8
801,Anna-Lisa Ryding,Darsteller,1,10,4,0.366299,0.383697,0,0.038589,10
802,Anton Edthofer,Darsteller,1,9,4,0.360809,0.377553,0,0.035477,9
803,Anton Herrnfeld,Darsteller,1,9,4,0.349673,0.363534,0,0.027627,9
804,Antonie Jaeckel,Darsteller,1,11,4,0.379283,0.398235,0,0.064854,10
805,Antoniette Hagen,Darsteller,1,6,1,1,1,0,0.001048,4
806,Arne Molander,Darsteller,1,11,4,0.355351,0.371409,0,0.039411,11
807,Arnold Pressburger,Produzent,1,15,4,0.371241,0.391312,0,0.069507,14
808,Arthur Strasser,Darsteller,1,10,4,0.34803,0.363361,0,0.026076,9
810,Alfred Kunz,Bauten,1,12,4,0.372534,0.392177,0,0.07377,12
811,Alfred Braun,Darsteller,1,11,4,0.375146,0.3946,0,0.065349,11
812,Christian Bummerstedt,Darsteller,1,11,4,0.374854,0.395466,0,0.060886,11
813,Alfons Brümmer,Kamera,1,6,1,1,1,0,0.001048,4
816,Achmed Beh,Darsteller,1,13,4,0.380934,0.400744,0,0.057705,12
817,Ada van Roon,Drehbuch,1,10,4,0.35082,0.367947,0,0.036553,9
818,Adolf Schlasy,Kamera,1,15,4,0.353524,0.371668,0,0.035068,13
819,Adolf Trotz,Regie,1,11,4,0.382598,0.402648,0,0.065677,11
820,Agnes Müller,Darsteller,1,11,4,0.357461,0.37288,0,0.036027,11
821,Aladár Sarkadi,Darsteller,1,11,4,0.351845,0.368986,0,0.034838,11
822,Albert Benitz,Kamera,1,15,4,0.353135,0.371236,0,0.032852,12
823,Albert Schattmann,Kamera,1,11,4,0.355351,0.371409,0,0.039411,11
824,Alex Alin,Darsteller,1,11,4,0.382598,0.402648,0,0.065677,11
825,Alex Wolff,Produzent,1,11,4,0.37067,0.388543,0,0.052733,10
826,Alexander Alexander,Drehbuch,1,11,4,0.367979,0.387937,0,0.058984,11
827,Alexander Bela,Drehbuch,1,7,4,0.347653,0.36215,0,0.022873,7
1069,Max Grix,Kamera/Drehbuch,7,43,4,0.407016,0.433281,874.31113,0.115092,25
830,Alexandra Schmitt,Darsteller,1,12,4,0.366299,0.386379,0,0.052907,12
1055,Graham Cutts,Regie/Drehbuch,3,40,4,0.410661,0.437002,133.079378,0.146773,25
832,Arthur Winkler,Darsteller,1,10,4,0.359597,0.377639,0,0.044321,10
833,Arthur Ziehm,Produzent,1,12,4,0.382598,0.40334,0,0.083912,12
834,Artur Bárdos,Drehbuch,1,12,4,0.366299,0.386379,0,0.052907,12
835,Bud Pollard,Drehbuch,1,13,4,0.386902,0.4081,0,0.096257,13
1059,Ernst Winar,Regie/Drehbuch,5,30,4,0.381688,0.406369,792.476139,0.067583,24
838,Camillo Kossuth,Darsteller,1,11,4,0.368119,0.387245,0,0.057296,11
1076,Hanns Schwarz,Regie/Drehbuch,3,31,4,0.400749,0.42532,178.535038,0.093574,20
1074,Harry Piel,Regie/Darsteller/Drehbuch/Schnitt,9,96,4,0.381386,0.407407,506.575336,0.063366,26
841,Carl Meinhard,Darsteller,1,12,4,0.376466,0.396331,0,0.070306,12
842,Carl Mittermayr,Drehbuch,1,10,4,0.346652,0.361284,0,0.025124,10
843,Carl Theodor Klock,Darsteller,1,13,4,0.367698,0.386379,0,0.047178,13
1053,Dosio Koffler,Drehbuch/Bauten,2,18,4,0.383207,0.402388,0,0.060879,9
845,Carl Zuckmayer,Drehbuch,1,12,4,0.380482,0.401263,0,0.073715,12
846,Carlo Jacobsen,Bauten,1,13,4,0.365326,0.383956,0,0.043125,13
847,Carmine Gallone,Regie,1,11,4,0.369816,0.389062,0,0.05959,11
848,Charles Barrois,Darsteller,1,10,4,0.34803,0.363361,0,0.026076,9
849,Charles Vanel,Darsteller,1,11,4,0.36826,0.387591,0,0.054818,11
850,Charlotte Susa,Darsteller,1,10,4,0.346652,0.361284,0,0.025124,10
851,Christen Jörgensen,Kamera,1,13,4,0.365326,0.383956,0,0.043125,13
1046,Henrik Galeen,Drehbuch/Regie,3,33,4,0.404622,0.430166,251.726631,0.103161,21
853,Bruno Krauskopf,Bauten,1,11,4,0.360269,0.378072,0,0.041201,11
854,Bruno Gellert,Musik,1,11,4,0.358126,0.374005,0,0.033133,10
855,Bernd Thewes,Musik,1,18,4,0.365881,0.387072,0,0.0514,17
856,Artur Landsberger,Drehbuch,1,11,4,0.367979,0.387937,0,0.058984,11
857,Auguste Prasch-Grevenberg,Darsteller,1,12,4,0.366299,0.386379,0,0.052907,12
858,Ben Lyon,Darsteller,1,14,4,0.38275,0.404984,0,0.075437,13
859,Benno Rauch,Kamera,1,9,5,0.26639,0.276237,0,0.003486,8
860,Benno Vigny,Drehbuch,1,11,4,0.367838,0.388283,0,0.052825,11
861,Benno von Arent,Darsteller,1,11,4,0.386592,0.407061,0,0.067088,10
862,Bernd Aldor,Darsteller,1,10,4,0.375878,0.395552,0,0.06059,10
863,Bernhard Frankel,Darsteller,1,6,4,0.325338,0.338352,0,0.012159,6
864,Bruno Arno,Darsteller,1,9,4,0.356139,0.372361,0,0.037866,9
865,Betty Astor,Darsteller,1,9,4,0.367137,0.384822,0,0.057238,9
866,Betty Balfour,Darsteller,1,10,4,0.366299,0.383697,0,0.038589,10
867,Betty Bird,Darsteller,1,9,4,0.332872,0.346314,0,0.018076,8
868,Billy Hofer,Darsteller,1,10,4,0.351332,0.365265,0,0.026383,9
869,Blandine Ebinger,Darsteller,1,15,4,0.366299,0.386206,0,0.052182,13
870,Bondy,Darsteller,1,14,4,0.340764,0.358169,0,0.025158,13
871,Boris Michailow,Darsteller,1,13,4,0.371671,0.391052,0,0.041513,11
1068,Alexander Korda,Drehbuch/Regie,2,28,4,0.382446,0.404206,0,0.072665,14
873,Gaby Ungar,Darsteller,1,12,4,0.33184,0.345362,0,0.016927,10
874,Gaston Jacquet,Darsteller,1,9,4,0.349546,0.363707,0,0.024269,8
875,John Manners,Darsteller,1,11,4,0.367838,0.388283,0,0.052825,11
877,Josef Peterhans,Darsteller,1,13,4,0.349166,0.365351,0,0.028454,11
878,Josef Wirsching,Kamera,1,11,4,0.346777,0.362669,0,0.031569,11
879,Joseph Delmont,Regie,1,6,5,0.341247,0.354811,0,0.017449,6
880,José Davert,Darsteller,1,10,4,0.345905,0.360592,0,0.025038,10
881,Jules Krüger,Kamera,1,14,4,0.340764,0.358169,0,0.025158,13
882,Jules Massaro,Darsteller,1,11,4,0.372534,0.391831,0,0.049235,11
883,Julius Brandt,Darsteller,1,12,4,0.390194,0.411388,0,0.082484,11
884,Julius Zilahy,Darsteller,1,11,4,0.351845,0.368986,0,0.034838,11
885,K. Galter,Darsteller,1,5,4,0.334957,0.347092,0,0.02037,5
886,Karin Evans,Darsteller,1,11,4,0.362439,0.379716,0,0.04167,10
887,Karin Michaelis,Drehbuch,1,12,4,0.374854,0.394773,0,0.063061,12
888,Karin Swanström,Darsteller,1,7,4,0.320786,0.334545,0,0.011337,7
889,Karina Bell,Darsteller,1,13,4,0.365326,0.383956,0,0.043125,13
890,Karl Böhm,Bauten,1,12,5,0.33484,0.349446,0,0.017415,10
891,Karl Elzer,Darsteller,1,9,4,0.344174,0.358515,0,0.023213,9
892,Karl Etlinger,Darsteller,1,9,4,0.349673,0.363534,0,0.027627,9
1087,Hans Behrendt,Regie/Drehbuch,4,40,4,0.400749,0.428609,216.261935,0.120083,27
894,John Loder,Darsteller,1,10,4,0.374708,0.393735,0,0.056554,9
895,Ignatz Czernitz,Darsteller,1,9,5,0.26639,0.276237,0,0.003486,8
896,Johannes Kalitzke,Musik,1,14,4,0.383055,0.403513,0,0.07588,13
897,Ilka Grüning,Darsteller,1,12,4,0.356007,0.372534,0,0.045626,9
898,Ilse Bois,Darsteller,1,11,4,0.367838,0.388283,0,0.052825,11
899,Iwa Raffay,Drehbuch,1,10,4,0.370955,0.389148,0,0.050709,9
902,J. Rosen,Drehbuch,1,9,4,0.349546,0.363707,0,0.024269,8
903,Jack Hermann,Kamera,1,4,1,1,1,0,0.001048,4
904,Jacqueline Milliet,Drehbuch,1,10,4,0.345905,0.360592,0,0.025038,10
905,Jaque Catelain,Darsteller,1,14,4,0.340764,0.358169,0,0.025158,13
906,Jean Angelo,Darsteller,1,11,4,0.368542,0.386206,0,0.041286,11
907,Jean Dehelly,Darsteller,1,14,4,0.386437,0.409052,0,0.089065,14
908,Jeanne Helbling,Darsteller,1,12,4,0.369532,0.386899,0,0.050736,10
909,Jenny Hasselqvist,Darsteller,1,10,4,0.367979,0.385341,0,0.047117,10
910,Jenny Marba,Darsteller,1,13,4,0.350948,0.367774,0,0.038313,11
911,Joe Rive,Kamera,1,13,4,0.377943,0.397975,0,0.056054,12
912,Joe Stöckel,Darsteller,1,2,5,0.304169,0.315386,0,0.004522,2
913,Johanna Ewald,Darsteller,1,9,4,0.344174,0.358515,0,0.023213,9
914,Karl Falkenberg,Darsteller,1,11,4,0.379582,0.400571,0,0.065861,11
915,Karl Fenz,Darsteller,1,11,4,0.381386,0.40161,0,0.061039,11
916,Karl Freund,Kamera,1,15,4,0.353524,0.371668,0,0.035068,13
1061,Szöke Szakall,Darsteller/Drehbuch,4,46,4,0.433588,0.464174,1299.885132,0.193287,42
918,Leo Heller,Drehbuch,1,11,4,0.372822,0.39235,0,0.060008,11
919,Leo Pasetti,Bauten,1,15,4,0.353524,0.371668,0,0.035068,13
1042,Manfred Noa,Regie/Produzent,6,64,4,0.424603,0.452233,157.912537,0.200291,31
921,Leo Witlin,Bauten,1,9,4,0.349673,0.363534,0,0.027627,9
922,Leonhard Adelt,Drehbuch,1,12,4,0.379732,0.400744,0,0.080976,12
923,Lilian Weiß,Darsteller,1,4,5,0.325558,0.336812,0,0.013236,4
924,Longhorne Burton,Darsteller,1,11,4,0.369816,0.389062,0,0.05959,11
925,Lotte Lorring,Darsteller,1,13,4,0.371671,0.391052,0,0.041513,11
926,Lotte Neumann,Darsteller,1,12,4,0.380482,0.401263,0,0.073715,12
927,Lotte Spira,Darsteller,1,12,4,0.381991,0.404119,0,0.082981,12
928,Lotte Werkmeister,Darsteller,1,11,4,0.376466,0.395379,0,0.051534,11
1041,Leo Peukert,Darsteller/Regie,6,48,4,0.426295,0.457079,2078.003467,0.156869,42
930,Ludwig Schaschek,Kamera,1,11,4,0.349293,0.363967,0,0.025781,11
931,Luis Trenker,Darsteller,1,15,4,0.353135,0.371236,0,0.032852,12
932,Luise Hohorst,Darsteller,1,11,4,0.379433,0.3991,0,0.060838,11
933,Luise Werckmeister,Darsteller,1,10,4,0.375878,0.395033,0,0.054446,10
934,Luitpold Nusser,Drehbuch,1,12,4,0.386747,0.407927,0,0.073054,12
935,Leni Riefenstahl,Darsteller,1,15,4,0.353135,0.371236,0,0.032852,12
936,Laurie Devine,Darsteller,1,9,4,0.354566,0.372447,0,0.02907,9
937,Laslo Benedek,Kamera,1,8,4,0.358793,0.374438,0,0.039958,8
938,Kurt Dürnhöfer,Bauten,1,10,4,0.346652,0.361284,0,0.025124,10
939,Karl Lutz,Regie,1,9,4,0.360945,0.376687,0,0.030192,9
940,Karl Stepanek,Darsteller,1,8,5,0.305909,0.319886,0,0.008319,8
941,Karl Theodor Wagner,Regie,1,8,5,0.305909,0.319886,0,0.008319,8
942,Karl Vollbrecht,Bauten,1,13,4,0.367698,0.386379,0,0.047178,13
943,Karl Weizmann,Bauten,1,9,4,0.332872,0.346314,0,0.018076,8
1082,Paul Czinner,Regie/Produzent/Drehbuch,3,39,4,0.353524,0.371668,0,0.035068,13
945,Konstantin Mic,Darsteller,1,14,4,0.340764,0.358169,0,0.025158,13
946,Kurt Junker,Darsteller,1,11,4,0.369248,0.390014,0,0.051231,11
947,Lajos Biró,Drehbuch,1,15,4,0.382446,0.404206,0,0.072665,14
948,Kurt Nehrke,Regie,1,5,4,0.355744,0.368813,0,0.025685,4
949,Kurt Neubert,Kamera,1,15,4,0.353135,0.371236,0,0.032852,12
950,Kurt Stanke,Kamera,1,3,5,0.300938,0.310453,0,0.004339,2
951,Kurt von Wolowski,Darsteller,1,10,4,0.341126,0.354881,0,0.022122,9
952,L. Krämer,Darsteller,1,11,4,0.369248,0.390014,0,0.051231,11
953,La Jana,Darsteller,1,4,5,0.273891,0.28278,0,0.002783,4
954,Ladislas Starewitsch,Regie,1,13,4,0.383818,0.40559,0,0.065173,13
955,Ilja Ehrenburg,Drehbuch,1,18,4,0.365881,0.387072,0,0.0514,17
956,Ida Jenbach,Drehbuch,1,10,4,0.375878,0.395033,0,0.054446,10
957,Gaston Modot,Darsteller,1,11,4,0.369816,0.389062,0,0.05959,11
958,Géza L. Weiss,Darsteller,1,10,4,0.35906,0.37513,0,0.045676,10
959,Günther Hentschel,Bauten,1,11,4,0.355351,0.37063,0,0.031158,10
960,H. Fuhrmann,Regie,1,0,0,0,0,0,0,0
961,Hanna Ralph,Darsteller,1,10,4,0.361894,0.379543,0,0.047321,10
962,Hanni Hoess,Darsteller,1,12,4,0.376908,0.397542,0,0.075165,12
1077,Eugen Illés,Produzent/Regie,2,20,4,0.37067,0.388543,0,0.052733,10
964,Hans Baluschek,Bauten,1,11,4,0.379134,0.400225,0,0.059101,10
1088,J. A. Hübler-Kahla,Kamera/Regie,2,2,1,1,1,0,0.000213,1
966,Hans Felsing,Drehbuch,1,5,4,0.358526,0.372361,0,0.026618,5
967,Hans Fritz Köllner,Drehbuch,1,8,5,0.305909,0.319886,0,0.008319,8
968,Hans H. Zerlett,Drehbuch,1,12,4,0.380332,0.400225,0,0.06365,12
969,Hans Heinrich von Twardowski,Darsteller,1,14,4,0.383055,0.403513,0,0.07588,13
970,Hans Joachim von Reitzenstein,Drehbuch,1,10,4,0.366021,0.384303,0,0.04674,9
971,Hans Kyser,Drehbuch,1,13,4,0.367698,0.386379,0,0.047178,13
972,Hans Moser,Darsteller,1,9,4,0.332872,0.346314,0,0.018076,8
973,Hans Paulsen,Drehbuch,1,13,4,0.349166,0.365351,0,0.028454,11
974,Hans Possendorf,Drehbuch,1,12,4,0.391145,0.411561,0,0.076502,12
975,Hans Rouc,Bauten,1,11,4,0.349293,0.363967,0,0.025781,11
976,Günther Hadank,Darsteller,1,10,4,0.380182,0.399273,0,0.057815,10
977,Géza Berczy,Darsteller,1,11,4,0.371528,0.389235,0,0.045291,9
978,Ibi Boya,Darsteller,1,11,4,0.351845,0.368986,0,0.034838,11
979,Guy Newall,Darsteller,1,11,4,0.367838,0.388283,0,0.052825,11
980,Geneviève Cargèse,Darsteller,1,9,4,0.349546,0.363707,0,0.024269,8
981,Georg Asagaroff,Regie,1,13,4,0.383818,0.40559,0,0.065173,13
982,Georg Burghardt,Darsteller,1,11,4,0.355351,0.371409,0,0.039411,11
983,Georg Charlies,Darsteller,1,6,5,0.341247,0.354811,0,0.017449,6
984,Georg D. Gürtler,Darsteller,1,11,4,0.368119,0.387245,0,0.057296,11
985,Georg George,Darsteller,1,11,4,0.379582,0.400571,0,0.065861,11
986,Georg Irmer,Darsteller,1,11,4,0.346777,0.362669,0,0.031569,11
1045,Bruno Rahn,Regie/Produzent,4,43,4,0.389248,0.41433,135.650194,0.108166,24
988,Georg Lengbach,Darsteller,1,4,1,1,1,0,0.001048,4
989,Gerd Fricke,Darsteller,1,15,4,0.366299,0.386206,0,0.052182,13
990,Gertrud Eysoldt,Darsteller,1,11,4,0.365742,0.383351,0,0.058677,11
991,Gertrud Kornstedt,Darsteller,1,8,4,0.362575,0.378072,0,0.038699,8
992,Gina Manès,Darsteller,1,6,5,0.341247,0.354811,0,0.017449,6
993,Gottfried Hagedorn,Darsteller,1,10,4,0.375878,0.395552,0,0.06059,10
1056,Henny Porten,Darsteller/Produzent,6,78,4,0.399254,0.426099,208.459031,0.106841,26
995,Guillaume Batifol,Kamera,1,10,4,0.34803,0.363361,0,0.026076,9
996,Gustav Rickelt,Darsteller,1,12,4,0.383971,0.404898,0,0.091493,12
997,Hans Schulbaur,Bauten,1,9,4,0.332872,0.346314,0,0.018076,8
998,Hans Schönlank,Drehbuch,1,9,4,0.373111,0.391571,0,0.047869,9
999,Hans Tost,Darsteller,1,11,4,0.384278,0.404552,0,0.086778,11
1000,Hans Unterkircher,Darsteller,1,11,4,0.349293,0.363967,0,0.025781,11
1058,Béla Balogh,Drehbuch/Regie,2,16,4,0.38184,0.400917,0,0.06256,8
1047,Nikolai Malikoff,Darsteller/Regie,3,37,3,0.395808,0.420561,842.276801,0.093475,24
1004,Henry Sokal,Produzent,1,12,4,0.393222,0.415282,0,0.090875,12
1005,Hermann Krehan,Bauten,1,11,4,0.368542,0.386206,0,0.041286,11
1006,Hermann Millakowsky,Produzent,1,14,4,0.384892,0.406888,0,0.075801,14
1007,Hermann Pfanz,Darsteller,1,10,4,0.367979,0.385427,0,0.040189,10
1008,Hermann Thimig,Darsteller,1,9,4,0.332872,0.346314,0,0.018076,8
1065,Willi Wolff,Regie/Drehbuch,5,51,4,0.39532,0.420734,49.231714,0.118549,21
1010,Hermi Lutz,Darsteller,1,9,4,0.360945,0.376687,0,0.030192,9
1011,Holmes Zimmermann,Darsteller,1,0,0,0,0,0,0,0
1012,Hugo Döblin,Darsteller,1,10,4,0.380482,0.400225,0,0.065686,10
1013,Hugo Flink,Darsteller,1,11,4,0.368542,0.386206,0,0.041286,11
1014,Hugo Hirsch,Musik,1,12,4,0.356271,0.372793,0,0.053176,11
1015,Hugo Huxhol,Drehbuch,1,12,4,0.364635,0.382572,0,0.045019,12
1016,Hugo Urban,Kamera,1,9,4,0.328333,0.341295,0,0.01705,8
1017,I. Wolsky,Darsteller,1,7,4,0.364083,0.380149,0,0.034385,7
1018,Hella Kürti,Darsteller,1,9,4,0.373111,0.391571,0,0.047869,9
1019,Helene von Mattassowska,Darsteller,1,11,4,0.366438,0.384389,0,0.045013,10
1020,Helene Lauterböck,Darsteller,1,6,4,0.325338,0.338352,0,0.012159,6
1021,Hedwig Pauly-Winterstein,Darsteller,1,11,4,0.372822,0.39235,0,0.060008,11
1022,Hans Werckmeister,Regie,1,6,4,0.369816,0.386899,0,0.042136,6
1023,Hansheinrich Dransmann,Musik,1,11,4,0.366438,0.384389,0,0.045013,10
1024,Hansjürgen Völcker,Regie,1,9,4,0.354566,0.372447,0,0.02907,9
1025,Harry Domela,Darsteller,1,10,4,0.360945,0.377985,0,0.040288,9
1026,Harry Grunwald,Darsteller,1,14,4,0.376172,0.396504,0,0.062469,12
1027,Harry Lamberts-Paulsen,Darsteller,1,11,4,0.3701,0.389495,0,0.060876,10
1075,Carl Boese,Regie/Produzent/Drehbuch,7,73,4,0.459227,0.489443,1521.487759,0.291017,53
1029,Heinrich Lisson,Regie,1,5,4,0.358526,0.372361,0,0.026618,5
1030,Helene Brahms,Darsteller,1,8,5,0.305909,0.319886,0,0.008319,8
1031,Heinrich Nebenzahl,Produzent,1,13,4,0.371671,0.391052,0,0.041513,11
1032,Heinrich Schroth,Darsteller,1,9,4,0.364221,0.381706,0,0.052496,9
1033,Heinz Blüthe,Darsteller,1,10,4,0.359597,0.377639,0,0.044321,10
1034,Heinz Gordon,Drehbuch,1,11,4,0.359865,0.377985,0,0.040196,10
1035,Heinz Heitau,Regie,1,4,1,1,1,0,0.001048,4
1049,Richard Oswald,Regie/Produzent/Drehbuch,8,83,4,0.452538,0.483818,1018.052621,0.299363,52
1037,Heinz Schall,Regie,1,9,4,0.371098,0.388975,0,0.052019,9
1038,Édith Jéhanne,Darsteller,1,18,4,0.365881,0.387072,0,0.0514,17
1039,Paul Sugar,Regie/Drehbuch,2,16,4,0.36108,0.377466,0,0.043966,8
