Id;Label;Contribution;Weight;Weighted Degree;Eccentricity;closnesscentrality;harmonicclosnesscentrality;betweenesscentrality;eigencentrality;Degree
0;Richard Eichberg;Drehbuch/Produzent/Regie;12;192;4;0.374327;0.400779;79.776041;0.222843;25
1;Georg Alexander;Darsteller;9;113;3;0.467751;0.517786;14107.830215;0.853298;102
2;Alfred Bütow;Bauten;9;140;3;0.446228;0.492206;5575.144898;0.697357;81
3;Lothar Philipp August Mayring;Drehbuch;9;125;3;0.468276;0.514988;6967.076658;1;94
4;Philipp Lothar Othello Mayring;Drehbuch;9;125;3;0.468276;0.514988;6967.076658;1;94
5;Willi A. Herrmann;Bauten;9;138;3;0.450811;0.494804;5408.140771;0.680621;78
6;Hans Schneeberger;Kamera;8;128;4;0.449111;0.493505;8396.690876;0.666173;78
7;Karl Weber;Bauten;7;95;3;0.435509;0.479017;3786.873365;0.705906;71
8;Erich Zander;Bauten;7;95;3;0.435509;0.479017;3786.873365;0.705906;71
9;Albert Matterstock;Darsteller;6;79;4;0.443381;0.483313;4580.987089;0.641893;63
10;Reimar Kuntze;Kamera;6;83;4;0.416168;0.456335;3286.837692;0.478821;57
11;Otto Wernicke;Darsteller;6;65;4;0.439179;0.479317;4184.9835;0.601996;62
12;Robert Baberske;Kamera;6;77;3;0.424427;0.466227;3851.590912;0.504963;64
13;Robert A. Stemmle;Drehbuch/Regie;6;74;4;0.412055;0.443645;828.160682;0.362018;35
14;René Deltgen;Darsteller;6;79;4;0.446467;0.491107;9246.290255;0.650699;76
15;Wolfgang Zeller;Musik;6;83;4;0.435737;0.480516;7036.935536;0.644781;74
16;Ewald Daub;Kamera;6;101;3;0.417209;0.453837;2086.146305;0.432335;50
17;Paul Klinger;Darsteller;6;79;4;0.441503;0.483713;5723.744603;0.578943;68
18;Herbert Hübner;Darsteller;6;81;4;0.441036;0.482914;4235.246086;0.680146;67
19;Franz Schroedter;Bauten;6;84;4;0.413896;0.452538;2065.103569;0.469164;53
20;Otto Baecker;Kamera;6;84;3;0.435964;0.478617;11519.447041;0.46546;69
22;Carl Boese;Regie;5;60;4;0.431677;0.469325;5417.589045;0.467651;55
23;Herbert Windt;Musik;5;64;4;0.420151;0.460731;4464.894958;0.439121;56
24;Viktor de Kowa;Darsteller/Drehbuch;5;66;4;0.402899;0.43775;2076.771007;0.325224;43
25;Theo Lingen;Darsteller;5;75;3;0.438947;0.480416;7567.586799;0.49251;67
26;Oskar Sima;Darsteller;5;64;3;0.440803;0.478817;5385.20583;0.514505;59
27;Hilde Weissner;Darsteller;5;68;3;0.446945;0.485212;4528.644698;0.624093;62
28;Carla Rust;Darsteller;5;73;4;0.426598;0.469624;6245.233451;0.435948;66
29;Georg Witt;Produzent;5;69;4;0.426162;0.464628;2191.480317;0.473596;54
30;Paul Hörbiger;Darsteller;5;58;4;0.429897;0.468325;6246.129379;0.40428;55
31;Walter Steinbeck;Darsteller;5;68;3;0.442675;0.483213;5525.024658;0.622654;66
32;Paul Kemp;Darsteller;5;64;4;0.408623;0.445743;4092.513776;0.271783;49
33;Franz Grothe;Musik;5;67;3;0.449111;0.485811;4565.374184;0.643647;59
34;Franz Koch;Kamera;5;68;4;0.430785;0.469524;4432.041075;0.566396;56
35;Peter Kreuder Jr.;Musik;5;62;4;0.447905;0.485512;4075.158345;0.575665;59
36;Karl Puth;Kamera;5;72;4;0.428351;0.470524;4838.64647;0.543773;64
37;Paul Westermeier;Darsteller;5;66;3;0.445275;0.484213;7077.725654;0.641466;63
38;Oskar Schnirch;Kamera;5;65;4;0.428792;0.469524;5908.185194;0.464728;58
39;Harald Böhmelt;Musik;5;87;4;0.401928;0.435052;1200.272027;0.344737;39
40;Ludwig Reiber;Bauten;5;69;4;0.426162;0.464628;2191.480317;0.473596;54
41;Willi Depenau;Bauten;5;69;4;0.426162;0.464628;2191.480317;0.473596;54
42;Werner Bochmann;Musik;5;67;4;0.429897;0.470923;4875.173174;0.526101;61
43;Robert Herlth;Bauten;4;56;4;0.42486;0.460931;3276.696067;0.380629;48
44;Fritz Kirchhoff;Regie/Drehbuch;4;40;4;0.376524;0.403677;782.446802;0.216446;28
45;Hans Nielsen;Darsteller;4;58;4;0.444089;0.479916;3239.428421;0.600878;53
46;Robert A. Dietrich;Bauten;4;53;4;0.42335;0.458233;1716.346213;0.405727;44
48;Willy Fritsch;Darsteller;4;51;3;0.419306;0.453837;1200.861813;0.426553;45
49;Fritz Maurischat;Bauten;4;60;4;0.414513;0.452038;1947.724471;0.430182;50
50;Walter Wassermann;Drehbuch;4;53;4;0.422707;0.458233;1462.992835;0.481482;46
51;Fritz Kampers;Darsteller;4;50;4;0.398091;0.432754;2057.539967;0.275875;42
52;Fritz Peter Buch;Drehbuch/Regie;4;52;4;0.387546;0.414069;394.082789;0.219882;25
53;Hans Klaehr;Drehbuch;4;72;4;0.374327;0.400779;79.776041;0.222843;25
54;Willy Birgel;Darsteller;4;53;4;0.430563;0.466527;2217.524308;0.532523;49
55;Käte Haack;Darsteller;4;48;4;0.419728;0.457034;2501.731238;0.45737;46
56;Gabriel Pellon;Bauten;4;54;4;0.411852;0.449341;3268.371588;0.289661;50
57;Max Gülstorff;Darsteller;4;50;3;0.416792;0.44984;1903.054228;0.322388;41
58;Josef Sieber;Darsteller;4;51;4;0.412055;0.44964;2403.801238;0.404703;46
59;Heinrich Richter;Bauten;4;54;4;0.411852;0.449341;3268.371588;0.289661;50
60;Georg Krause;Kamera;4;59;4;0.425727;0.460931;2834.815152;0.482835;46
61;Erich Kobler;Schnitt;4;50;4;0.431231;0.466327;2971.317132;0.389794;47
62;Alexander Mügge;Bauten;4;55;4;0.414101;0.451339;3201.104746;0.379941;47
64;Franz Weihmayr;Kamera;4;48;4;0.412871;0.447642;1347.809269;0.445067;43
65;Harald Paulsen;Darsteller/Regie;4;48;4;0.413076;0.448241;2088.364096;0.404017;44
66;Erika von Thellmann;Darsteller;4;55;4;0.423565;0.459932;2343.52889;0.424661;48
67;Paul Richter;Darsteller;4;44;4;0.405642;0.441047;3377.981145;0.268699;42
69;Hansom Milde-Meißner;Musik;4;53;4;0.392102;0.426059;889.449822;0.414938;41
70;Karl Böhm;Bauten;4;55;3;0.425076;0.460831;1541.780749;0.54374;49
71;Max Mellin;Bauten;4;47;4;0.391366;0.42546;5124.023299;0.274338;43
72;Michael Jary;Musik;4;50;4;0.407824;0.442846;1323.81957;0.402554;41
73;Friedl Behn-Grund;Kamera;4;54;4;0.396765;0.432354;1682.659108;0.309743;44
74;Frits van Dongen;Darsteller;4;64;4;0.398662;0.434952;3840.639994;0.30224;45
75;Fita Benkhoff;Darsteller;4;53;4;0.419095;0.456735;2527.49888;0.462894;49
76;Maria Koppenhöfer;Darsteller;4;46;4;0.406433;0.441647;2449.149465;0.365764;43
77;Arthur Pohl;Drehbuch;4;72;4;0.374327;0.400779;79.776041;0.222843;25
78;Ella Ensink;Schnitt;4;57;4;0.406235;0.441347;1631.149983;0.349113;42
79;Carl Haacker;Bauten;4;56;4;0.397521;0.432054;1792.783117;0.280849;43
80;Olga Tschechowa;Darsteller;4;54;4;0.426598;0.460532;1905.831302;0.494634;43
81;Walter Fredersdorf;Schnitt;4;48;4;0.410433;0.444744;1472.201789;0.361819;42
82;W. Meyer-Bergelt;Kamera;4;72;4;0.374327;0.400779;79.776041;0.222843;25
83;Lotte Neumann;Drehbuch;4;53;4;0.422707;0.458233;1462.992835;0.481482;46
84;Axel Eggebrecht;Drehbuch;4;46;4;0.402899;0.438949;5074.417692;0.230435;46
85;Hans Söhnker;Darsteller;4;49;4;0.392471;0.431155;2381.310657;0.357404;46
86;Lothar Brühne;Musik;4;47;4;0.423135;0.458833;5409.395881;0.462595;47
87;Werner Bohne;Kamera;4;58;4;0.424212;0.46283;3917.149823;0.444068;54
88;Vera von Langen;Darsteller;4;55;3;0.436878;0.472622;3804.430284;0.510778;52
89;Jacob Geis;Drehbuch;4;56;3;0.419517;0.455236;1529.548978;0.509639;48
90;Günther Anders;Kamera;4;47;4;0.387907;0.420264;3097.561012;0.186333;38
91;Theodor Loos;Darsteller;4;52;3;0.434375;0.468825;3311.612667;0.444387;48
92;Brigitte Horney;Darsteller;4;56;4;0.433472;0.469524;2547.718027;0.499507;50
93;Werner Krien;Kamera;4;53;4;0.400576;0.439648;3891.373654;0.320752;49
94;Bruno Mondi;Kamera;4;57;4;0.390084;0.427558;3466.598414;0.284153;48
95;Werner Schlichting;Bauten;4;50;3;0.437107;0.471223;3265.563916;0.436572;48
96;Hilde Körber;Darsteller;4;47;4;0.414307;0.44954;2693.576714;0.367064;44
97;Erich Czerwonski;Bauten;4;55;3;0.425076;0.460831;1541.780749;0.54374;49
98;H. O. Schulze;Kamera;4;72;4;0.374327;0.400779;79.776041;0.222843;25
99;Nico Dostal;Musik;4;52;4;0.405248;0.442346;3452.500933;0.276667;44
100;Artur Günther;Bauten;4;53;4;0.42335;0.458233;1716.346213;0.405727;44
101;Felix Lützkendorf;Drehbuch;4;53;4;0.401734;0.438249;3827.390182;0.279057;47
102;Gustav Lohse;Schnitt;4;54;4;0.403874;0.436151;786.482667;0.372326;37
103;Albrecht Schoenhals;Darsteller;4;53;4;0.429454;0.465927;3203.421507;0.551294;50
104;Ruth Hellberg;Darsteller;4;51;4;0.422278;0.459333;1766.358802;0.507061;48
105;Gusti Huber;Darsteller;4;50;4;0.410635;0.445544;2844.434154;0.361493;43
106;Gustav A. Knauer;Bauten;4;55;4;0.414101;0.451339;3201.104746;0.379941;47
107;Franz R. Friedl;Musik;3;45;4;0.393211;0.428957;2761.682514;0.260752;42
108;Lil Dagover;Darsteller;3;39;4;0.406829;0.439249;1825.442106;0.345821;37
109;Eugen Klöpfer;Darsteller;3;39;4;0.383625;0.418765;2280.091688;0.255712;38
110;Konstantin Tschet;Kamera;3;40;4;0.389174;0.420963;767.352314;0.24279;35
111;Ernst Hasselbach;Drehbuch;3;40;4;0.412055;0.443845;1216.18409;0.348905;36
112;Franz Seitz Sr.;Regie/Drehbuch;3;37;4;0.359948;0.384293;255.358892;0.103513;22
113;Leni Marenbach;Darsteller;3;35;4;0.418465;0.44964;1375.374318;0.427828;35
114;Magda Schneider;Darsteller;3;31;4;0.385397;0.416367;1524.746666;0.168169;30
115;La Jana;Darsteller;3;53;4;0.382569;0.414069;1157.491107;0.278404;34
116;Käthe von Nagy;Darsteller;3;38;4;0.379609;0.408973;626.460343;0.209884;26
117;Leo Leux;Musik;3;44;4;0.390084;0.421363;707.893917;0.269065;31
118;Fritz Stapenhorst;Schnitt;3;36;4;0.387907;0.416867;530.031643;0.24238;30
120;Günther Rittau;Kamera;3;33;4;0.392655;0.423861;2460.342841;0.248772;33
121;Herbert Maisch;Regie;3;40;4;0.389356;0.423961;1889.935979;0.315123;40
122;Herbert Frohberg;Bauten;3;38;4;0.400384;0.433653;3822.996361;0.257942;36
123;Gustav Diessl;Darsteller;3;46;4;417;0.451739;2257.22063;0.383491;42
124;Gustav Fröhlich;Darsteller;3;40;4;0.398091;0.432154;1891.203461;0.304581;38
125;Herbert B. Fredersdorf;Schnitt/Regie;3;39;4;0.394699;0.426159;467.92431;0.321221;32
126;Gustav Waldau;Darsteller;3;37;3;0.406433;0.43725;2268.044587;0.277204;35
127;Helmuth Schönnenbeck;Schnitt;3;45;4;0.430785;0.464329;1310.172879;0.536965;43
128;Helga Marold;Darsteller;3;36;4;0.374159;0.403377;1998.351202;0.186461;30
129;Hannes Stelzer;Darsteller;3;42;4;0.394513;0.427858;1950.772725;0.289543;39
130;Franz Vogel;Produzent;3;45;4;0.393025;0.426958;1361.544758;0.30165;37
131;Heinz Salfner;Darsteller;3;38;4;0.397521;0.431755;3554.190104;0.287382;37
132;Heinrich Weidemann;Bauten;3;45;4;0.391366;0.423761;1019.133785;0.278749;35
133;Hans Brausewetter;Darsteller;3;38;3;0.407227;0.439249;2032.625845;0.31455;38
134;Hans Ebert;Musik;3;40;4;0.390999;0.423961;880.637255;0.294049;36
874;Heinz Rühmann;Darsteller/Regie;5;67;4;0.428571;0.467326;4541.963949;0.536577;56
138;Hans Hinrich;Regie;3;41;3;0.419095;0.45044;1197.147035;0.375488;37
139;Herbert Selpin;Regie/Drehbuch;3;43;4;0.375338;0.403277;368.70591;0.253769;27
140;Gottlieb Madl;Schnitt;3;38;4;0.400384;0.432254;480.793592;0.318578;31
141;Gottfried Ritter;Schnitt;3;37;4;0.380996;0.408973;523.833807;0.165757;28
142;Giuseppe Becce;Musik;3;48;4;0.402899;0.435352;1870.497572;0.269177;37
143;Frauke Lauterbach;Darsteller;3;40;4;0.395636;0.429257;2246.488619;0.226721;38
144;Fred Andreas;Drehbuch;3;41;4;0.391182;0.420464;503.274112;0.309056;30
145;Karl Hasselmann;Kamera;3;39;4;0.397521;0.428757;2168.064131;0.302584;35
146;Karin Hardt;Darsteller;3;33;4;0.393768;0.425959;1827.501639;0.204826;32
147;Hans Zesch-Ballot;Darsteller;3;42;4;0.405051;0.439648;904.021619;0.435422;41
148;Friedrich Kayßler;Darsteller;3;40;4;0.406829;0.439648;1933.856098;0.308439;38
149;Fritz Arno Wagner;Kamera;3;37;4;0.385754;0.416966;5097.618417;0.231913;36
150;Juan Mostazo Morales;Musik;3;45;4;0.360415;0.391287;813.845527;0.241525;32
152;Johannes Riemann;Darsteller;3;38;4;0.398281;0.430156;728.108405;0.328496;32
153;Johannes Meyer;Regie;3;39;3;0.425293;0.455835;882.627287;0.418334;36
154;Joe Stöckel;Regie;3;18;4;0.356258;0.378297;943.656834;0.066209;18
155;Jean Feyte;Schnitt;3;52;4;0.376694;0.406575;755.119342;0.236156;30
156;Ida Wüst;Darsteller;3;40;4;0.407028;0.440847;2671.969365;0.31663;40
157;Hilde von Stolz;Darsteller;3;36;4;0.387727;0.417266;833.675282;0.21301;31
158;Hilde Sessak;Darsteller;3;31;4;0.387727;0.418165;1762.596335;0.194407;30
159;Hermann Asmus;Bauten;3;41;3;0.397901;0.430056;1605.072884;0.292418;39
160;Maria Andergast;Darsteller;3;40;4;0.406631;0.439349;2240.36688;0.342689;38
161;Hans Sohnle;Bauten;3;46;4;0.411852;0.445843;1250.500768;0.41127;41
162;Max Knaake;Bauten;3;42;4;0.375507;0.408573;3494.471969;0.149057;38
163;Willy Schiller;Bauten;3;40;4;0.385576;0.416567;1711.310836;0.221698;35
164;Alice Ludwig;Schnitt;3;37;4;0.406433;0.438349;1568.203656;0.293052;36
165;Rolf Moebius;Darsteller;3;38;4;0.409024;0.441946;2115.485517;0.307691;38
166;Alois Melichar;Musik;3;40;4;0.389174;0.422162;1860.912705;0.220255;38
167;Thea von Harbou;Drehbuch;3;37;4;0.387546;0.418066;1705.287272;0.178985;29
169;Robert Dorsay;Darsteller;3;45;4;0.41328;0.447442;2101.745866;0.329342;42
170;André Burgère;Darsteller;3;52;4;0.376694;0.406575;755.119342;0.236156;30
171;Will Dohm;Darsteller;3;38;4;0.398091;0.432154;1853.305219;0.320462;38
172;Bruno Lutz;Bauten;3;39;4;0.382218;0.413569;2453.825689;0.181247;36
173;Eduard Hoesch;Kamera;3;32;4;0.363399;0.390687;5926.584584;0.111013;25
174;Edgar S. Ziesemer;Kamera;3;38;4;0.396765;0.428457;3391.162982;0.22151;36
888;Erich Waschneck;Regie/Produzent;4;50;5;0.377034;0.404856;170.97026;0.177092;22
176;Theo Mackeben;Musik;3;42;4;0.414513;0.447842;2416.557425;0.318129;39
177;Werner Eisbrenner;Musik;3;40;5;0.393025;0.426239;622.665026;0.26197;33
178;Walter von Bonhorst;Schnitt;3;40;4;0.402315;0.433753;895.536504;0.331127;35
179;Eberhard Frowein;Drehbuch;3;43;4;0.416375;0.44944;1121.913329;0.416215;39
180;René Métain;Schnitt;3;39;4;0.392286;0.425959;2578.751367;0.186956;36
181;Viktor Staal;Darsteller;3;38;4;0.393954;0.426859;1785.036098;0.258249;37
182;Peter Francke;Drehbuch;3;37;4;0.407426;0.439149;1448.317934;0.351113;37
183;Viktor Tourjansky;Regie;3;38;4;0.410837;0.442346;843.34777;0.398191;35
184;Peter Paul Brauer;Regie;3;36;4;0.387907;0.416867;530.031643;0.24238;30
185;Walter Röhrig;Bauten;3;37;4;0.380996;0.408973;523.833807;0.165757;28
186;Ralph Arthur Roberts;Darsteller;3;43;4;0.414513;0.448341;1666.230199;0.360045;41
187;Walter Riml;Kamera;3;43;4;0.400384;0.433054;1491.103599;0.260987;38
188;Walter Kollo;Musik;3;43;4;0.41104;0.444944;2044.199145;0.332761;41
189;Walter Janssen;Darsteller;3;34;4;0.389538;0.421663;1514.434219;0.265543;33
190;Walter Haag;Bauten;3;42;4;0.394699;0.42476;426.441148;0.332652;30
191;Paul Henckels;Darsteller;3;26;4;0.369681;0.395883;1345.595367;0.118406;24
192;Paul Markwitz;Bauten;3;42;4;0.398091;0.430855;1601.221141;0.296039;39
193;Carl Raddatz;Darsteller;3;37;4;0.419095;0.451139;2443.574647;0.309648;37
194;Wolf Neumeister;Drehbuch;3;41;4;0.397711;0.432354;1822.129167;0.308773;39
195;Sabine Peters;Darsteller;3;40;4;0.405445;0.439648;1498.675746;0.438935;39
882;Florián Rey;Drehbuch/Regie;2;28;4;0.337379;0.357714;0;0.148874;14
197;Erich Ponto;Darsteller;3;37;4;0.41596;0.446643;799.186152;0.366542;33
198;Erich Kettelhut;Bauten;3;40;4;0.389174;0.420963;767.352314;0.24279;35
199;Carl Günther;Darsteller;3;42;4;0.399234;0.431954;866.403498;0.307688;37
200;Wolfgang Liebeneiner;Regie;3;43;4;0.409426;0.442246;755.231353;0.422932;38
201;Alberto Giacalone;Produzent;3;43;4;0.396011;0.430655;1561.860169;0.255689;39
202;Rudolf Platte;Darsteller;3;32;3;0.399043;0.428058;1186.050349;0.264588;31
203;Carl Drews;Kamera;3;37;4;0.399234;0.430056;486.628789;0.326276;31
204;Alexander Engel;Darsteller;3;36;4;0.380648;0.411571;2745.30062;0.221367;35
205;Nunzio Malasomma;Regie;3;39;4;0.404462;0.435452;388.887166;0.379955;30
206;Alexander Golling;Darsteller;3;44;4;0.41369;0.448042;1425.35888;0.411905;41
207;Carl Otto Bartning;Schnitt;3;42;4;0.387366;0.418265;1348.138562;0.233104;36
208;Camilla Horn;Darsteller;3;43;4;0.413896;0.446942;1040.51076;0.460852;39
209;Otto Erdmann;Bauten;3;46;4;0.411852;0.445843;1250.500768;0.41127;41
210;Otto Hunte;Bauten;3;35;4;0.394699;0.426659;2630.018673;0.228385;34
211;Willy Winterstein;Kamera;3;39;4;0.406037;0.439349;2159.322761;0.2976;38
212;Carl Ludwig Kirmse;Bauten;3;35;4;0.399234;0.429956;683.311359;0.282457;31
213;Alfred Greven;Produzent;3;44;4;0.413076;0.448441;1425.878506;0.472417;43
214;Elsa Wagner;Darsteller;3;40;4;0.401154;0.434353;1044.252733;0.313917;37
215;Carl Kuhlmann;Darsteller;3;38;4;0.385397;0.418365;1019.584899;0.267056;35
216;Otto Ernst Lubitz;Drehbuch;3;40;4;0.378919;0.408673;499.78239;0.176835;27
218;Hilde Hildebrand;Darsteller;2;25;4;0.386648;0.41277;217.941561;0.252573;24
219;Stefan Eiben;Kamera;2;21;4;0.371162;0.397382;439.411468;0.126237;20
220;Suzet Maïs;Darsteller;2;26;4;0.35324;0.381095;1370.271584;0.124598;25
221;Viviane Romance;Darsteller;2;27;4;0.355499;0.382794;596.823667;0.132524;25
222;Hilde Krahl;Darsteller;2;24;4;0.393582;0.421363;1316.821695;0.180097;23
223;Hildegard Grebner;Schnitt;2;30;4;0.375338;0.402578;899.536067;0.198973;27
224;Hermann Braun;Darsteller;2;23;4;0.373991;0.399081;858.846101;0.196759;23
225;Hermann Warm;Bauten;2;28;4;0.349539;0.372702;53.298213;0.101159;20
226;Hertha Feiler;Darsteller;2;23;4;0.373823;0.40018;762.693718;0.180003;23
227;Walter Forster;Drehbuch;2;25;4;0.382744;0.410472;554.529797;0.160759;24
228;Volker von Collande;Darsteller;2;29;4;0.402704;0.432554;371.937009;0.367168;29
229;Wilhelm Bendow;Darsteller;2;16;4;0.354291;0.376599;237.497737;0.080701;16
230;Walter Franck;Darsteller;2;28;4;0.393025;0.421863;393.606692;0.238936;26
232;Hans Sommer;Musik;2;28;4;0.377376;0.405875;515.575932;0.251448;28
234;Hans Stüwe;Darsteller;2;36;4;0.368537;0.392586;3.927474;0.187607;18
235;Wolfgang Wehrum;Schnitt;2;28;4;0.397143;0.425759;1019.208946;0.248938;27
236;Hans-Otto Borgmann;Musik;2;28;4;0.349539;0.372702;53.298213;0.101159;20
237;Hansi Knoteck;Darsteller;2;27;4;0.365469;0.391687;1114.141784;0.114704;26
238;Harald Braun;Drehbuch;2;29;4;0.391366;0.418365;135.27142;0.293168;23
239;Harald G. Petersson;Drehbuch;2;25;4;0.380301;0.406075;122.669345;0.241579;21
240;Wolfgang Becker;Schnitt;2;27;4;0.379436;0.407874;417.419605;0.228647;25
241;Harry Frank;Darsteller;2;36;4;0.346778;0.368505;0;0.14608;16
242;Wolf Albach-Retty;Darsteller;2;22;4;0.35871;0.383693;650.842092;0.096885;22
244;Willy Zeyn jun.;Schnitt;2;36;4;0.368537;0.392586;3.927474;0.187607;18
245;Hedwig Bleibtreu;Darsteller;2;25;4;0.358401;0.384592;652.218685;0.158946;23
246;Herbert A. E. Böhme;Darsteller;2;26;4;0.362766;0.389788;651.601093;0.145871;24
247;Heinrich Beisenherz;Bauten;2;27;4;0.384509;0.41197;681.498315;0.204053;26
248;Heinrich George;Darsteller;2;24;4;0.390815;0.418565;448.837196;0.222888;23
249;Willy Schaeffers;Darsteller;2;19;4;0.370996;0.395883;386.781062;0.138305;18
250;Heinrich Spoerl;Drehbuch;2;24;4;0.392102;0.418565;554.624591;0.19656;24
251;Heinz Pauck;Drehbuch;2;26;4;0.359948;0.384293;255.358892;0.103513;22
252;Willy Richartz;Musik;2;26;4;0.359948;0.384293;255.358892;0.103513;22
253;Heinz Schorlemmer;Darsteller;2;25;4;0.385219;0.41307;431.635933;0.232938;23
254;Albert Florath;Darsteller;2;20;4;0.383801;0.409273;214.724489;0.214153;20
255;Walter Zerlett-Olfenius;Drehbuch;2;26;4;375;0.402778;1212.573135;0.160671;25
256;Heli Finkenzeller;Darsteller;2;27;4;0.382569;0.411871;467.38036;0.254692;27
257;Hellmuth Bergmann;Darsteller;2;27;4;0.390999;0.417866;361.221007;0.261852;24
258;Walter Wischniewsky;Schnitt;2;27;4;0.373321;0.40028;386.395761;0.194597;25
259;Walter Werner;Darsteller;2;28;4;0.395448;0.424061;502.51518;0.285537;27
260;Ilse Werner;Darsteller;2;25;4;0.376184;0.402178;798.145692;0.184107;25
261;Rudi Godden;Darsteller;2;25;4;0.362924;0.391087;437.710861;0.206588;25
262;Inge Landgut;Darsteller;2;14;4;0.331742;0.354017;286.69557;0.09173;14
263;Ingeborg von Kusserow;Darsteller;2;25;4;0.369353;0.394085;166.506286;0.165967;23
264;Paul Bildt;Darsteller;2;26;4;0.391182;0.419265;433.350942;0.240569;24
265;Lena Neumann;Schnitt;2;30;4;0.375338;0.403277;368.70591;0.253769;27
266;Paul Dahlke;Darsteller;2;24;4;0.385754;0.41277;774.199517;0.200561;24
267;L. A. C. Müller;Drehbuch;2;28;4;0.387546;0.414069;394.082789;0.219882;25
268;Paul Hartmann;Darsteller;2;27;4;0.371492;0.398381;599.913867;0.193975;26
269;Kurt Schröder;Musik;2;26;4;0.38117;0.409173;675.224178;0.216267;26
270;Kurt Heuser;Drehbuch;2;27;4;0.398852;0.427458;433.779488;0.350384;27
271;Kurt Herlth;Bauten;2;27;4;0.393396;0.420663;625.355557;0.214674;26
272;Kristina Söderbaum;Darsteller;2;28;4;0.349539;0.372702;53.298213;0.101159;20
274;Klaus von Rautenfeld;Kamera;2;30;4;0.384332;0.410971;222.48693;0.194914;25
892;Mario Camerini;Regie/Drehbuch;2;28;4;0.352345;0.374201;0;0.090429;14
276;Kitty Jantzen;Darsteller;2;36;4;0.368537;0.392586;3.927474;0.187607;18
277;Kirsten Heiberg;Darsteller;2;26;4;0.377205;0.404476;751.005423;0.156007;23
278;Paul Otto;Darsteller;2;26;4;0.360571;0.38709;1033.69557;0.124116;25
279;Otto Moldenhauer;Bauten;2;27;4;0.374495;0.40018;431.585296;0.153416;24
280;Leo Peukert;Darsteller;2;28;4;0.382393;0.410172;1238.489216;0.247767;27
281;Otto Gebühr;Darsteller;2;28;4;0.370009;0.397082;522.898754;0.177841;27
282;Munni Obal;Schnitt;2;25;4;0.362294;0.386491;137.584584;0.106558;18
283;Marianne Behr;Schnitt;2;28;4;0.349539;0.372702;53.298213;0.101159;20
284;Maria Paudler;Darsteller;2;25;4;0.373991;0.401379;464.555608;0.178496;24
285;Margit Symo;Darsteller;2;30;4;0.348517;0.372602;18.742851;0.189632;20
286;Margarete Kupfer;Darsteller;2;27;4;0.366916;0.393885;1722.409219;0.228097;25
287;Milo Harbich;Schnitt;2;26;4;0.393582;0.421563;478.090062;0.238329;25
288;Marc Valbel;Darsteller;2;36;4;0.346778;0.368505;0;0.14608;16
289;Luise Ullrich;Darsteller;2;29;4;0.375169;0.40048;173.241384;0.198342;23
290;Lina Carstens;Darsteller;2;26;4;0.395073;0.422762;641.015006;0.249544;25
292;Ludolf Grisebach;Schnitt;2;25;4;0.371327;0.396283;363.044531;0.167486;24
293;Lucien Baroux;Darsteller;2;22;4;0.342084;0.367406;1154.787899;0.060264;21
294;Lucie Englisch;Darsteller;2;27;4;0.364829;0.394584;747.162212;0.15091;27
295;Olga Limburg;Darsteller;2;27;4;0.374663;0.402378;197.995358;0.227799;22
296;Otto Bielen;Drehbuch;2;26;4;0.383096;0.41207;1025.865843;0.176947;26
297;Karlheinz Martin;Regie;2;23;4;0.346633;0.370404;206.764441;0.079872;21
298;Karl Schönböck;Darsteller;2;23;4;0.384332;0.410172;245.825385;0.199891;22
299;Paul Wegener;Darsteller;2;19;4;0.376184;0.400779;344.446922;0.162432;18
300;Marieluise Claudius;Darsteller;2;25;4;0.369681;0.394185;383.784635;0.187757;23
301;Renée Stobrawa;Darsteller;2;21;4;0.377546;0.401679;1728.937898;0.12671;19
302;Josef von Baky;Regie;2;22;4;0.375845;0.403377;531.752796;0.185369;22
303;Roger Duchesne;Darsteller;2;36;4;0.346778;0.368505;0;0.14608;16
304;Roma Bahn;Darsteller;2;28;4;0.388268;0.416767;974.476058;0.237699;26
305;Josef Illig;Kamera;2;27;4;0.360259;0.383693;183.956925;0.150086;21
306;Josef Eichheim;Darsteller;2;18;4;0.369845;0.393685;290.254017;0.134441;18
307;Jochen Huth;Drehbuch;2;25;4;0.349246;0.374201;73.25249;0.149142;19
308;José Muñoz Molleda;Musik;2;30;4;0.348517;0.372602;18.742851;0.189632;20
309;Rudo Ritter;Drehbuch;2;26;4;0.371162;0.398981;511.150128;0.144349;24
311;Jacques Viot;Drehbuch;2;27;4;0.360259;0.383693;183.956925;0.150086;21
880;Erich Engels;Regie/Produzent;2;26;4;0.345771;0.366407;0;0.082717;13
314;Irene von Meyendorff;Darsteller;2;30;4;0.390084;0.418865;583.649341;0.287935;28
315;Josefine Dora;Darsteller;2;24;4;0.380648;0.407474;634.950456;0.219453;24
316;René Dary;Darsteller;2;19;4;0.339162;0.360711;646.352695;0.055043;19
317;Pedro Barreto;Darsteller;2;30;4;0.35175;0.378897;526.368603;0.200766;26
318;Pierre Blanchar;Darsteller;2;28;4;0.35871;0.38739;746.890767;0.140762;26
319;Pedro Fernández Cuenca;Darsteller;2;30;4;0.35175;0.378897;526.368603;0.200766;26
320;Karl Martell;Darsteller;2;28;4;0.383096;0.414369;774.26421;0.216907;27
321;Per Schwenzen;Drehbuch;2;26;4;0.374831;0.40018;1093.451695;0.182094;24
322;Peter Ostermayr;Produzent;2;28;4;0.373154;0.39968;401.189175;0.138358;25
323;Karl Georg Külb;Drehbuch;2;22;4;0.387187;0.411771;174.492016;0.224979;21
324;Peter Voss;Darsteller;2;28;4;0.370502;0.398981;843.839302;0.204461;28
325;Jürgen von Alten;Drehbuch/Regie;2;26;4;0.363557;0.384792;0;0.136212;13
326;Reinhold Meißner;Drehbuch;2;32;4;0.361352;0.388189;414.664072;0.140707;25
327;Jára Beneš;Musik;2;20;4;0.354592;0.377898;502.230389;0.086116;20
328;Jutta Freybe;Darsteller;2;26;4;0.376524;0.403677;441.46407;0.225258;26
329;Jupp Hussels;Darsteller;2;18;4;0.349246;0.372202;407.488512;0.076698;18
330;Pola Illéry;Darsteller;2;36;4;0.346778;0.368505;0;0.14608;16
331;Julius von Borsody;Bauten;2;25;4;0.362294;0.386491;137.584584;0.106558;18
332;Pola Negri;Darsteller;2;25;4;0.380301;0.406075;122.669345;0.241579;21
333;Imperio Argentina;Darsteller;2;30;4;0.348517;0.372602;18.742851;0.189632;20
334;Zarah Leander;Darsteller;2;24;4;0.384864;0.410671;124.76953;0.227551;21
336;Axel von Werner;Schnitt;2;27;4;0.387727;0.415068;176.928431;0.224194;24
337;Bernd Hofmann;Drehbuch;2;24;4;0.379781;0.406775;162.40144;0.250697;22
338;Gerhard Lamprecht;Regie;2;30;4;0.366111;0.393485;105.182022;0.15917;22
339;Gerhard T. Buchholz;Drehbuch;2;23;4;0.346633;0.370404;206.764441;0.079872;21
340;Gertrud Hinz;Schnitt;2;29;4;0.397521;0.42516;141.834073;0.341314;26
341;Gina Falckenberg;Darsteller;2;26;5;0.372654;0.401159;1155.076906;0.165486;25
342;Eva Leidmann;Drehbuch;2;26;4;0.383625;0.410971;472.437543;0.218616;25
344;Cesare Andrea Bixio;Musik;2;26;4;0.351306;0.373701;18.697158;0.104891;15
345;Gisela Schlüter;Darsteller;2;31;4;0.385042;0.413569;460.972594;0.245983;27
346;Gisela Uhlen;Darsteller;2;29;4;0.388993;0.418066;718.893863;0.22125;28
347;Erwin Kreker;Drehbuch;2;30;4;0.360415;0.388689;1299.552838;0.119572;27
348;Eduard von Borsody;Drehbuch/Regie;2;28;4;0.366111;0.388989;0;0.140674;14
349;Attila Hörbiger;Darsteller;2;27;4;0.389174;0.417266;386.128053;0.26624;27
350;Artur Schwarz;Bauten;2;33;4;0.387007;0.416167;456.554948;0.249627;29
351;Grethe Weiser;Darsteller;2;28;4;0.380822;0.409173;642.16166;0.195734;26
352;Elisabeth Flickenschildt;Darsteller;2;25;4;0.359483;0.385691;323.261902;0.133178;23
353;Erwin Biegel;Darsteller;2;28;4;0.378919;0.407474;500.280987;0.255894;27
354;Elisabeth Wendt;Darsteller;2;31;4;0.367887;0.395484;992.422465;0.139641;27
355;Anton Weber;Bauten;2;26;4;0.371823;0.39968;3492.922936;0.158978;25
356;Anton Profes;Musik;2;26;4;0.401734;0.430056;328.412757;0.261405;24
357;Gustl Stark-Gstettenbaur;Darsteller;2;23;4;0.359948;0.383993;924.678043;0.089768;22
358;Else Baum;Schnitt;2;24;4;0.361979;0.388689;1001.179619;0.126164;23
359;Edwin Jürgensen;Darsteller;2;26;4;0.390267;0.417466;285.477573;0.284628;25
360;Bernhard Minetti;Darsteller;2;27;4;0.401541;0.429357;371.391088;0.32897;26
361;Günther Lüders;Darsteller;2;14;4;0.35101;0.371403;514.601065;0.056586;14
362;Gastone Medin;Bauten;2;26;4;0.351306;0.373701;18.697158;0.104891;15
363;Friedrich Forster;Drehbuch;2;26;4;0.377034;0.404576;1286.423365;0.176533;26
364;Charlott Daudert;Darsteller;2;33;4;0.390815;0.419964;1079.651885;0.202287;29
365;Friedrich Schröder;Musik;2;27;4;0.391182;0.417866;462.49971;0.222507;25
366;Charlotte Schellhorn;Darsteller;2;25;4;0.387366;0.415168;753.035425;0.199142;25
367;Carlo Montuori;Kamera;2;26;4;0.351306;0.373701;18.697158;0.104891;15
368;Claire Reigbert;Darsteller;2;25;4;0.402704;0.430256;608.16201;0.273525;25
369;Fritz Odemar;Darsteller;2;23;4;0.392102;0.418265;848.080196;0.216526;23
370;Carl Junghans;Drehbuch/Regie;2;24;4;0.331742;0.351519;0;0.086879;12
371;Fritz von Friedl;Kamera;2;32;4;0.361352;0.388189;414.664072;0.140707;25
372;Franz Schröder;Schnitt;2;26;4;0.359948;0.384293;255.358892;0.103513;22
373;Georg Bruckbauer;Kamera;2;25;4;0.36919;0.395584;766.385214;0.172712;25
374;Gerhard Bienert;Darsteller;2;21;4;0.352792;0.376599;842.881548;0.105885;20
376;Dagny Servaes;Darsteller;2;29;4;0.384155;0.41307;875.567582;0.224807;28
377;Bruno Timm;Kamera;2;27;4;0.342646;0.369404;729.50156;0.089662;23
378;Georg Hurdalek;Drehbuch;2;24;4;0.408423;0.434952;267.758335;0.305931;24
379;Georg Jacoby;Regie;2;25;4;0.384864;0.411071;373.818341;0.208597;25
382;Fernando Tropea;Schnitt;2;26;4;0.351306;0.373701;18.697158;0.104891;15
383;Felix von Eckardt;Drehbuch;2;27;4;0.366593;0.392986;539.501261;0.172616;23
384;Georges Van Parys;Musik;2;22;4;0.330297;0.355516;491.702992;0.056531;20
385;Géza von Cziffra;Drehbuch;2;15;4;0.346058;0.367306;286.846717;0.062603;15
386;Eugen Rex;Darsteller;2;22;4;0.357326;0.380496;470.233906;0.089071;19
387;Ernst Erich Buder;Musik;2;26;4;0.390999;0.418265;777.474306;0.209552;26
388;Hans Adalbert Schlettow;Darsteller;2;24;4;0.370996;0.398681;284.883419;0.226841;24
389;Hans Leibelt;Darsteller;2;27;4;0.389356;0.416966;614.492545;0.226322;26
390;Hans Holt;Darsteller;2;20;4;0.376694;0.402078;577.926257;0.185627;20
391;Alois Johannes Lippl;Drehbuch;2;30;4;0.366111;0.393485;105.182022;0.15917;22
392;Hans Moser;Darsteller;2;26;4;0.363082;0.389388;1061.793381;0.117151;24
393;Alice Field;Darsteller;2;36;4;0.346778;0.368505;0;0.14608;16
394;Alfred Stöger;Regie;2;2;5;0.28043;0.291527;9.573875;0.007013;2
395;Anna Höllering;Schnitt;2;27;4;0.377546;0.406375;474.169423;0.260534;27
397;Erich Ebermayer;Drehbuch;2;17;4;0.368212;0.392386;439.035709;0.152935;17
398;Erich Grave;Bauten;2;25;4;0.379954;0.405775;673.16416;0.170662;25
399;Ernst Dumcke;Darsteller;2;25;4;0.370337;0.398981;1197.735469;0.216914;25
400;Annie Rosar;Darsteller;2;25;4;0.359948;0.386091;907.888766;0.108183;23
401;Alexandra Anatra;Schnitt;2;28;4;0.397901;0.426659;204.207948;0.351613;25
402;Hans Albers;Darsteller;2;30;4;0.373823;0.401479;120.973588;0.234263;26
403;Hans Ledersteger;Bauten;2;24;4;0.359483;0.385592;791.674715;0.097706;24
404;Else Elster;Darsteller;2;25;4;0.369353;0.395683;946.751978;0.127641;24
889;Harry Piel;Produzent/Regie/Darsteller/Drehbuch;8;109;4;0.390999;0.423461;1642.055593;0.237763;37
406;Albert Hörrmann;Drehbuch/Regie;2;20;4;0.30866;0.325639;0;0.031847;10
407;Emil Burri;Drehbuch;2;25;4;0.38629;0.413269;396.840853;0.210136;24
408;Hanns H. Kuhnert;Bauten;2;28;4;0.373154;0.39968;401.189175;0.138358;25
409;Hans Richter;Darsteller;2;19;4;0.367563;0.392486;295.74982;0.206553;19
410;Meg Lemonnier;Darsteller;1;12;4;0.320154;0.339928;0;0.036079;11
411;Dieter Borsche;Darsteller;1;15;4;0.363716;0.384692;0;0.131432;14
886;Karl Hartl;Regie/Drehbuch;2;22;4;0.377376;0.39938;0;0.13224;11
413;Curt J. Braun;Drehbuch;1;14;4;0.358864;0.380396;0;0.129355;14
414;Peter Petersen;Darsteller;1;12;4;0.328994;0.346922;0;0.07056;11
415;Richard Romanowsky;Darsteller;1;14;4;0.348808;0.371603;0;0.093313;14
416;Detlef Sierck;Drehbuch;1;27;4;0.38629;0.414768;786.11786;0.255395;27
417;Peter Hellbracht;Drehbuch;1;13;4;0.356106;0.375699;0;0.097675;12
418;Peter Igelhoff;Musik;1;15;4;0.361039;0.382694;0;0.159816;14
419;Max Seefelder;Bauten;1;13;4;0.329514;0.347522;0;0.055615;12
420;Peter Haller;Kamera;1;15;4;0.342505;0.36291;0;0.070467;14
885;Curt Goetz;Darsteller/Drehbuch/Regie;3;30;4;0.344771;0.363409;0;0.06002;10
422;Dinah Grace;Darsteller;1;13;4;0.345342;0.365208;0;0.083702;12
423;Peter Fényes;Musik;1;12;4;0.332006;0.352118;0;0.052102;12
424;Richard Schneider-Edenkoben;Regie;1;14;4;0.363082;0.384592;0;0.126594;14
425;Charles Spaak;Drehbuch;1;12;5;0.316749;0.335811;0;0.045619;12
879;Jacques Feyder;Regie/Drehbuch;4;50;4;0.360259;0.383693;183.956925;0.150086;21
427;Peter Dann;Darsteller;1;13;4;0.359948;0.381395;0;0.140297;13
428;Márton Vincze;Bauten;1;12;4;0.332006;0.352118;0;0.052102;12
429;Richard Angst;Kamera;1;4;1;1;1;0;0.001681;4
430;Erich Fiedler;Darsteller;1;14;4;0.363557;0.384792;0;0.136212;13
431;Charlotte Schultz;Darsteller;1;16;4;0.340131;0.361411;0;0.079243;15
432;Christian Kayßler;Darsteller;1;17;4;0.377205;0.402378;0;0.241316;17
433;Christine Grabe;Darsteller;1;13;4;0.331479;0.353217;0;0.09125;13
434;Raymond Cordy;Darsteller;1;9;5;0.313416;0.329836;0;0.030606;9
435;Erich Rudolf Schmidtke;Kamera;1;14;4;0.340269;0.360212;0;0.082528;14
436;Raimu;Darsteller;1;12;5;0.316749;0.335811;0;0.045619;12
437;Charlotte Rißmann;Drehbuch;1;14;4;0.36919;0.389888;0;0.169914;14
438;Rafael Rivelles;Darsteller;1;15;4;0.337379;0.357714;0;0.148874;14
439;Michel Michelet;Musik;1;13;5;0.330821;0.350799;0;0.059299;13
440;Putty Krafft;Schnitt;1;13;4;0.330297;0.351019;0;0.062204;13
441;Claire Winter;Darsteller;1;15;4;0.363874;0.386291;0;0.148603;14
442;René Sylviano;Musik;1;10;5;0.308775;0.327018;0;0.026336;10
443;Nane Germon;Darsteller;1;12;4;0.320154;0.339928;0;0.036079;11
444;Clementia Egies;Darsteller;1;13;4;0.3336;0.352518;0;0.058583;11
445;Charlotte Ander;Darsteller;1;14;4;0.363082;0.384592;0;0.126594;14
446;Pierre-Jean Ducis;Regie;1;10;5;0.308775;0.327018;0;0.026336;10
447;Pierre Larquey;Darsteller;1;11;5;0.294388;0.310991;0;0.02289;11
448;Pierre Fresnay;Darsteller;1;11;5;0.294388;0.310991;0;0.02289;11
449;Otto Stoeckel;Darsteller;1;12;4;0.332006;0.352118;0;0.052102;12
450;Paula Ottzenn;Darsteller;1;7;5;0.267136;0.279776;0;0.007916;7
451;Pepi Glöckner;Darsteller;1;9;4;0.332403;0.35002;0;0.043293;9
452;Elisabeth Neumann;Schnitt;1;15;4;0.363874;0.386291;0;0.148603;14
453;Elfie Mayerhofer;Darsteller;1;14;5;0.347066;0.369384;0;0.1005;13
454;Osvaldo Valenti;Darsteller;1;12;4;0.33161;0.348521;0;0.061101;10
455;Oswald Hafenrichter;Schnitt;1;14;4;0.348808;0.371603;0;0.093313;14
456;Enrico Benfer;Darsteller;1;15;4;0.34779;0.369604;0;0.165204;15
457;Elisabeth Eygk;Darsteller;1;13;4;0.3382;0.359113;0;0.107394;13
458;Emil Stöhr;Darsteller;1;12;4;0.333467;0.352118;0;0.04789;12
459;Paul Javor;Darsteller;1;12;4;0.332006;0.352118;0;0.052102;12
460;Paul Hühn;Musik;1;10;4;0.331874;0.35012;0;0.046962;10
461;Emil Schünemann;Kamera;1;13;4;0.329514;0.347522;0;0.055615;12
462;Paul Hoffmann;Darsteller;1;14;4;0.360883;0.382794;0;0.131019;13
463;Paul Heidemann;Darsteller;1;18;4;0.359638;0.381595;0;0.117734;15
464;Erich Dunskus;Darsteller;1;13;4;0.345628;0.365008;0;0.073552;13
465;Emil Hasler;Bauten;1;12;4;0.344771;0.363409;0;0.06002;10
466;Ellen Bang;Darsteller;1;14;4;0.359019;0.381795;0;0.122572;14
467;Elli Parvo;Darsteller;1;12;4;0.33161;0.348521;0;0.061101;10
468;Paul Azaïs;Darsteller;1;9;5;0.313416;0.329836;0;0.030606;9
469;Pater Stephan Jurczek;Regie;1;0;0;0;0;0;0;0
470;Paal Roschberg;Darsteller;1;17;4;0.334403;0.355216;0;0.098609;16
471;Otto Gülstorff;Bauten;1;14;4;0.35101;0.372502;0;0.100828;13
472;Ottokar Vomhof;Drehbuch;1;12;4;0.346346;0.367506;0;0.099154;12
473;Else von Möllendorff;Darsteller;1;12;4;0.344771;0.363409;0;0.06002;10
474;Otto Linnekogel;Drehbuch;1;12;4;0.328994;0.346922;0;0.07056;11
475;Erich Claunigk;Kamera;1;12;4;0.34321;0.361711;0;0.088551;12
476;Olga Valéry;Darsteller;1;12;4;0.320154;0.339928;0;0.036079;11
478;Norbert Jacques;Drehbuch;1;8;4;0.358555;0.378098;0;0.11752;8
479;Eberhard Keindorff;Drehbuch;1;14;4;0.340269;0.360212;0;0.082528;14
480;Pauline Carton;Darsteller;1;10;5;0.308775;0.327018;0;0.026336;10
481;Pauline Benda;Drehbuch;1;11;5;0.294388;0.310991;0;0.02289;11
482;Otto Tressler;Darsteller;1;12;4;0.333467;0.352118;0;0.04789;12
483;Eberhard Klagemann;Produzent;1;13;4;0.3382;0.359113;0;0.107394;13
484;Eberhard von der Heyden;Kamera;1;17;4;0.377205;0.402378;0;0.241316;17
485;Nils Graf Stenbock-Fermor;Bauten;1;15;4;0.361039;0.382694;0;0.159816;14
486;Paul Wagner;Darsteller;1;13;4;0.35042;0.371603;0;0.104935;13
487;Edgar Eichhorn;Kamera;1;15;4;0.366111;0.388989;0;0.140674;14
488;Edith Oss;Darsteller;1;17;4;0.328864;0.35002;0;0.061183;14
489;Paul Scheurich;Bauten;1;15;4;0.361039;0.382694;0;0.159816;14
490;Erich Engel;Regie;1;12;4;0.371162;0.391986;0;0.11348;12
491;Eduard Köck;Darsteller;1;13;4;0.347211;0.367906;0;0.08441;13
492;Eduard Künneke;Musik;1;11;4;0.30866;0.325639;0;0.031847;10
493;Eduard Wesener;Darsteller;1;13;4;0.330297;0.351019;0;0.062204;13
494;Noé de la Peña;Darsteller;1;15;5;0.309807;0.331215;0;0.070369;14
877;Werner Hochbaum;Drehbuch/Regie;2;24;4;0.343634;0.364109;0;0.084442;12
881;Carl Froelich;Produzent/Regie;9;120;4;0.413896;0.452538;2065.103569;0.469164;53
497;O. E. Hasse;Darsteller;1;5;4;0.321883;0.33703;0;0.0347;5
498;Odette Roger;Darsteller;1;12;5;0.316749;0.335811;0;0.045619;12
499;Ekkehard Kyrath;Kamera;1;12;4;0.355045;0.377698;0;0.113874;12
500;Paul Lincke;Musik;1;17;4;0.334403;0.355216;0;0.098609;16
501;Charles Klein;Drehbuch;1;12;5;0.353091;0.372682;0;0.088865;12
502;Hans Schipulle;Schnitt;1;9;5;0.299569;0.314708;0;0.016852;7
503;Carsta Löck;Darsteller;1;13;4;0.328088;0.347922;0;0.109468;12
504;Carola Höhn;Darsteller;1;13;4;0.35042;0.371603;0;0.104935;13
506;Werner Hinz;Darsteller;1;12;5;0.323632;0.343505;0;0.061165;12
507;Werner Fuetterer;Darsteller;1;17;4;0.377205;0.402378;0;0.241316;17
508;Werner Finck;Darsteller;1;15;4;0.352345;0.374201;0;0.090429;14
509;Anton Imkamp;Darsteller;1;12;4;0.333733;0.354516;0;0.070695;12
510;Werner Egk;Musik;1;13;4;0.331742;0.351519;0;0.086879;12
511;Anton Kutter;Drehbuch;1;13;4;0.347211;0.367906;0;0.08441;13
512;Anton Pointner;Darsteller;1;13;4;0.360415;0.381295;0;0.103529;13
513;Wenzel Lüdecke;Drehbuch;1;13;5;0.357786;0.378078;0;0.112399;13
514;Walther von Hollander;Drehbuch;1;13;5;0.35042;0.372482;0;0.110973;12
515;Aribert Mog;Darsteller;1;11;4;0.30866;0.325639;0;0.031847;10
516;Aribert Wäscher;Darsteller;1;12;4;0.333733;0.354516;0;0.070695;12
517;Arnold Jenssen;Bauten;1;17;4;0.328864;0.35002;0;0.061183;14
518;Walter Ulbrich;Drehbuch;1;11;4;0.356258;0.376499;0;0.085062;11
519;Arthur Maria Rabenalt;Regie;1;13;4;0.366916;0.388989;0;0.119926;13
520;Walter Sieber;Musik;1;15;5;0.309807;0.331215;0;0.070369;14
521;Walter Sawitzky;Drehbuch;1;13;4;0.338474;0.360512;0;0.084406;13
522;Arthur Reinhardt;Darsteller;1;15;4;0.334537;0.356415;0;0.116917;13
523;Walter Robert Lach;Kamera;1;12;4;0.328994;0.346922;0;0.07056;11
524;Arthur Schröder;Darsteller;1;14;4;0.354743;0.376898;0;0.134403;13
525;Walter Pindter;Kamera;1;10;5;0.295117;0.31293;0;0.024748;10
526;Arturo Gallea;Kamera;1;14;4;0.348808;0.371603;0;0.093313;14
527;Axel Ivers;Drehbuch;1;12;4;0.358401;0.377698;0;0.102391;12
895;Karl Ritter;Regie/Drehbuch;4;48;4;0.380996;0.408973;523.833807;0.165757;28
529;Waldemar Gaede;Schnitt;1;18;4;0.359638;0.381595;0;0.117734;15
530;Benno von Arent;Bauten;1;17;4;0.334403;0.355216;0;0.098609;16
531;Beppo Brem;Darsteller;1;8;4;0.314006;0.330635;0;0.022214;8
878;E. W. Emo;Produzent/Regie/Drehbuch;5;55;4;0.362294;0.386491;137.584584;0.106558;18
533;Werner Klingler;Regie;1;18;4;0.359638;0.381595;0;0.117734;15
534;Werner Kortwich;Produzent;1;16;4;0.359019;0.378997;0;0.107615;15
535;Willy Clever;Drehbuch;1;12;4;0.358555;0.377898;0;0.102032;12
536;Yvonne Printemps;Darsteller;1;11;5;0.294388;0.310991;0;0.02289;11
537;Albert Hehn;Darsteller;1;13;5;0.329254;0.348661;0;0.065775;12
538;Albert Valentin;Drehbuch;1;12;5;0.316749;0.335811;0;0.045619;12
539;Alexander Loschakoff;Bauten;1;13;5;0.330821;0.350799;0;0.059299;13
540;Alfred Abel;Darsteller;1;11;4;0.356258;0.376499;0;0.085062;11
541;Wladimir von Meinhardt;Bauten;1;13;5;0.330821;0.350799;0;0.059299;13
542;Alfred Strasser;Musik;1;15;4;0.352345;0.374201;0;0.090429;14
543;Willy Schmidt-Gentner;Musik;1;12;4;0.333467;0.352118;0;0.04789;12
544;Willy Rösner;Darsteller;1;13;4;0.329514;0.347522;0;0.055615;12
545;Alwin Elling;Regie;1;13;4;0.330297;0.351019;0;0.062204;13
546;Willy Reiber;Produzent;1;12;4;0.332006;0.352118;0;0.052102;12
547;Andrieux;Darsteller;1;12;5;0.316749;0.335811;0;0.045619;12
548;André Saint-Germain;Darsteller;1;14;4;0.358864;0.380396;0;0.129355;14
549;Anton Edthofer;Darsteller;1;12;4;0.332669;0.351819;0;0.052966;12
550;Willi Schur;Darsteller;1;15;4;0.338062;0.358513;0;0.095298;13
551;Andrée Lindia;Darsteller;1;9;5;0.313416;0.329836;0;0.030606;9
552;Will Quadflieg;Darsteller;1;12;4;0.371162;0.391986;0;0.11348;12
553;Will Meisel;Musik;1;13;4;0.330297;0.351019;0;0.062204;13
554;Annie Markart;Darsteller;1;5;4;0.321883;0.33703;0;0.0347;5
555;Wilhelm Vorwerg;Bauten;1;17;4;0.377205;0.402378;0;0.241316;17
556;Wilhelm Schmidt;Kamera;1;13;4;0.336698;0.356715;0;0.061535;13
557;Wilhelm Ehlers;Drehbuch;1;14;4;0.354743;0.376898;0;0.134403;13
558;Werner Schott;Darsteller;1;14;4;0.358864;0.380396;0;0.129355;14
559;Anny Ondra;Darsteller;1;13;4;0.352941;0.374201;0;0.106037;12
560;Werner Scharf;Darsteller;1;14;4;0.345771;0.366407;0;0.082717;13
561;Werner P. Zibaso;Drehbuch;1;13;4;0.366916;0.388989;0;0.119926;13
562;Viktoria von Ballasko;Darsteller;1;12;4;0.360259;0.380895;0;0.135498;12
563;Viktor Vaszy;Musik;1;9;4;0.354592;0.3752;0;0.083135;9
564;Berndt von Tyszka;Schnitt;1;12;4;0.320154;0.339928;0;0.036079;11
565;Carl de Vogt;Darsteller;1;8;4;0.314006;0.330635;0;0.022214;8
566;Senta Foltin;Darsteller;1;13;4;0.345199;0.366307;0;0.129763;13
567;Carl Forcht;Schnitt;1;13;5;0.330821;0.350799;0;0.059299;13
568;S. O. Schoening;Darsteller;1;17;4;0.328864;0.35002;0;0.061183;14
569;Carl G. von Bazant;Musik;1;13;4;0.345628;0.365008;0;0.073552;13
570;Ruth Eweler;Darsteller;1;17;4;0.328864;0.35002;0;0.061183;14
571;Carl Hoffmann;Regie;1;13;5;0.330821;0.350799;0;0.059299;13
572;Rudolf Klein-Rogge;Darsteller;1;7;5;0.267136;0.279776;0;0.007916;7
573;Rudolf Carl;Darsteller;1;12;4;0.340408;0.360811;0;0.070008;11
574;Rudolf Brettschneider;Drehbuch;1;12;4;0.333467;0.352118;0;0.04789;12
575;Max Knapp;Darsteller;1;7;5;0.267136;0.279776;0;0.007916;7
576;Carl Lamač;Regie;1;10;4;0.331874;0.35012;0;0.046962;10
577;Rotraut Richter;Darsteller;1;11;4;0.30866;0.325639;0;0.031847;10
578;Rolf von Goth;Darsteller;1;10;4;0.311659;0.329936;0;0.03141;9
579;Serge Jaroff;Musik;1;15;4;0.363716;0.384692;0;0.131432;14
580;Rolf Weih;Darsteller;1;13;4;0.35042;0.371603;0;0.104935;13
581;Rolf Wanka;Darsteller;1;9;4;0.332403;0.35002;0;0.043293;9
582;Rolf Meyer;Drehbuch;1;15;4;0.368863;0.392186;0;0.173106;15
583;Rolf Lauckner;Drehbuch;1;15;4;0.363716;0.384692;0;0.131432;14
584;Rolf Hansen;Regie;1;12;4;0.33629;0.356615;0;0.104915;12
585;Roger von Norman;Regie;1;12;4;0.358401;0.377698;0;0.102391;12
586;Roger Spiri-Mercanton;Schnitt;1;12;4;0.322381;0.340827;0;0.060721;11
587;Roger Karl;Darsteller;1;16;4;0.344771;0.367606;1.164357;0.103695;15
588;Carmine Gallone;Regie;1;14;4;0.348808;0.371603;0;0.093313;14
589;Rochus Gliese;Bauten;1;16;4;0.359019;0.378997;0;0.107615;15
590;Robert Manuel;Musik;1;12;5;0.316749;0.335811;0;0.045619;12
591;Robert Küssel;Musik;1;13;4;0.35042;0.371603;0;0.104935;13
592;Sepp Rist;Darsteller;1;4;1;1;1;0;0.001681;4
593;Shochiku Ofuna;Regie;1;4;1;1;1;0;0.001681;4
594;Viktor Gehring;Drehbuch;1;11;4;0.30866;0.325639;0;0.031847;10
595;Toni von Bukovics;Darsteller;1;15;4;0.357173;0.378397;0;0.150934;15
596;Viktor Bánky;Schnitt;1;12;4;0.332006;0.352118;0;0.052102;12
597;Victor Janson;Darsteller;1;13;4;0.345199;0.366307;0;0.129763;13
598;Berta Drews;Darsteller;1;12;5;0.353091;0.372682;0;0.088865;12
599;Vera Bergman;Darsteller;1;17;4;0.334403;0.355216;0;0.098609;16
600;Berthold Ebbecke;Drehbuch;1;15;4;0.377889;0.40008;0;0.226752;15
894;Benito Perojo;Regie/Drehbuch;3;28;5;0.309807;0.331215;0;0.070369;14
602;Valérie von Martens;Darsteller;1;12;4;0.344771;0.363409;0;0.06002;10
603;Ursula Herking;Darsteller;1;13;4;0.328088;0.347922;0;0.109468;12
604;Ursula Grabley;Darsteller;1;13;5;0.357786;0.378078;0;0.112399;13
605;Ursula Deinert;Darsteller;1;14;4;0.345771;0.366407;0;0.082717;13
606;Ulla Gauglitz;Darsteller;1;15;4;0.359173;0.379496;0;0.135893;14
607;Traudl Stark;Darsteller;1;12;4;0.333467;0.352118;0;0.04789;12
608;Toni Huppertz;Regie;1;6;5;0.325781;0.342706;0;0.036174;6
609;Signe Hasso;Darsteller;1;13;4;0.338474;0.360512;0;0.084406;13
610;Tibor von Halmay;Darsteller;1;11;5;0.320523;0.339428;0;0.045518;11
611;Thomy Bourdelle;Darsteller;1;11;5;0.294388;0.310991;0;0.02289;11
612;Betty Daussmond;Darsteller;1;10;5;0.295117;0.31293;0;0.024748;10
613;Theodor Danegger;Darsteller;1;13;4;0.345342;0.365208;0;0.083702;12
614;Bohumil Heš;Bauten;1;11;5;0.320523;0.339428;0;0.045518;11
615;Bruno Monden;Bauten;1;17;4;0.334403;0.355216;0;0.098609;16
616;Sylvia de Bettini;Darsteller;1;12;4;0.361665;0.381195;0;0.118292;12
617;Sylvia Bataille;Darsteller;1;12;4;0.322381;0.340827;0;0.060721;11
618;Sybille Schmitz;Darsteller;1;16;4;0.359019;0.378997;0;0.107615;15
619;C. A. Koch;Darsteller;1;9;5;0.299569;0.314708;0;0.016852;7
620;Suse Graf;Darsteller;1;11;4;0.35384;0.372902;0;0.14103;11
621;Camille Fournier;Darsteller;1;10;5;0.308775;0.327018;0;0.026336;10
622;Rudolf Biebrach;Darsteller;1;8;4;0.314006;0.330635;0;0.022214;8
623;Ernst Behmer;Darsteller;1;12;5;0.323632;0.343505;0;0.061165;12
624;Erik Ode;Darsteller;1;5;4;0.328217;0.342726;0;0.030666;5
625;Ilse Czech;Drehbuch;1;14;4;0.345771;0.366407;0;0.082717;13
626;Georg Vogelsang;Darsteller;1;13;4;0.329514;0.347522;0;0.055615;12
627;Iván Petrovich;Darsteller;1;14;4;0.356563;0.379496;0;0.17733;14
628;Georg Zoch;Drehbuch;1;14;4;0.340269;0.360212;0;0.082528;14
629;Ingrid Bergman;Darsteller;1;13;4;0.328088;0.347922;0;0.109468;12
630;Ingo Adalbert Zerbe;Drehbuch;1;13;4;0.35042;0.371603;0;0.104935;13
631;Georges Lourau;Produzent;1;16;4;0.344771;0.367606;1.164357;0.103695;15
632;Ingeborg Wittmann;Darsteller;1;15;4;0.342505;0.36291;0;0.070467;14
633;Ingeborg Theek;Darsteller;1;12;5;0.353091;0.372682;0;0.088865;12
634;Ingeborg Hertel;Darsteller;1;13;4;0.35042;0.371603;0;0.104935;13
635;Inge List;Darsteller;1;13;4;0.3336;0.352518;0;0.058583;11
636;Geraldine Katt;Darsteller;1;15;4;0.363874;0.386291;0;0.148603;14
637;Gerda Maurus;Darsteller;1;12;4;0.333467;0.352118;0;0.04789;12
638;Ilse Fürstenberg;Darsteller;1;13;4;0.336698;0.356715;0;0.061535;13
639;Hugo von Kaweczynski;Kamera;1;13;4;0.330297;0.351019;0;0.062204;13
640;Maurice Thiriet;Musik;1;11;5;0.294388;0.310991;0;0.02289;11
641;Hugo Froelich;Darsteller;1;16;4;0.359173;0.380795;0;0.202463;15
642;Hubert von Meyerinck;Darsteller;1;13;5;0.330821;0.350799;0;0.059299;13
643;Hubert Marischka;Regie;1;12;4;0.332006;0.352118;0;0.052102;12
644;Horst Wietreck;Darsteller;1;13;4;0.345628;0.365008;0;0.073552;13
645;Gerhard Dammann;Darsteller;1;5;4;0.300757;0.315348;0;0.017601;5
646;Hildegard Barko;Darsteller;1;13;4;0.345628;0.365008;0;0.073552;13
647;Hilde Krüger;Darsteller;1;15;4;0.352345;0.374201;0;0.090429;14
648;Ginette Melcy;Darsteller;1;10;5;0.308775;0.327018;0;0.026336;10
649;Gioacchino Rossini;Musik;1;15;5;0.309807;0.331215;0;0.070369;14
650;Hermann Speelmans;Darsteller;1;13;4;0.357173;0.378098;0;0.143443;13
651;Hermann Gallinger;Darsteller;1;7;5;0.267136;0.279776;0;0.007916;7
652;Hermann Erhardt;Darsteller;1;15;4;0.342505;0.36291;0;0.070467;14
653;Gisela von Collande;Darsteller;1;13;4;0.336698;0.356715;0;0.061535;13
654;Jacqueline Pacaud;Darsteller;1;11;5;0.294388;0.310991;0;0.02289;11
655;Jacques Bousquet;Drehbuch;1;10;5;0.308775;0.327018;0;0.026336;10
656;Jacques Constant;Drehbuch;1;9;5;0.313416;0.329836;0;0.030606;9
657;Georg Mühlen-Schulte;Drehbuch;1;15;4;0.338062;0.358513;0;0.095298;13
658;Fritz Klaudius;Darsteller;1;9;5;0.299569;0.314708;0;0.016852;7
659;Josef Strauss;Musik;1;10;4;0.331874;0.35012;0;0.046962;10
660;Josef Maria Frank;Drehbuch;1;17;4;0.328864;0.35002;0;0.061183;14
661;Fritz Thiery;Regie;1;12;4;0.333467;0.352118;0;0.04789;12
662;Fritz Wenneis;Musik;1;14;4;0.36919;0.389888;0;0.169914;14
663;Josef Dahmen;Darsteller;1;13;5;0.329254;0.348661;0;0.065775;12
664;Jola Jobst;Darsteller;1;14;4;0.35101;0.372502;0;0.100828;13
665;G. von Großschmidt;Drehbuch;1;15;4;0.368863;0.392186;0;0.173106;15
666;Johannes Lüdke;Schnitt;1;15;5;0.309807;0.331215;0;0.070369;14
667;Johannes Heesters;Darsteller;1;14;4;0.340269;0.360212;0;0.082528;14
668;Johann W. Ther;Produzent;1;15;5;0.309807;0.331215;0;0.070369;14
669;Joaquín Reig;Darsteller;1;15;5;0.309807;0.331215;0;0.070369;14
670;Joachim Rake;Darsteller;1;15;4;0.334537;0.356415;0;0.116917;13
671;Joachim Gottschalk;Darsteller;1;14;4;0.358864;0.380396;0;0.129355;14
672;Jessie Vihrog;Darsteller;1;10;4;0.311659;0.329936;0;0.03141;9
673;Jenny Jugo;Darsteller;1;13;4;0.3382;0.359113;0;0.107394;13
674;Jeanne Loury;Darsteller;1;10;5;0.308775;0.327018;0;0.026336;10
675;Jean-Pierre Aumont;Darsteller;1;9;5;0.313416;0.329836;0;0.030606;9
676;Jean d'Eaubonne;Bauten;1;15;4;0.359173;0.379496;0;0.135893;14
677;Jean Grémillon;Regie;1;12;5;0.316749;0.335811;0;0.045619;12
678;Georg C. Klaren;Drehbuch;1;14;4;0.345771;0.366407;0;0.082717;13
679;Georg Heinrich Schnell;Darsteller;1;9;5;0.299569;0.314708;0;0.016852;7
891;Paul Martin;Drehbuch/Regie;4;52;4;0.383978;0.411271;483.151288;0.222896;26
681;Jaspar von Oertzen;Darsteller;1;13;4;0.331742;0.351519;0;0.086879;12
682;Jane Tilden;Darsteller;1;11;4;0.358094;0.376699;0;0.113633;11
683;Jakob Tiedtke;Darsteller;1;13;4;0.345199;0.366307;0;0.129763;13
684;Jacques de Baroncelli;Regie;1;9;5;0.313416;0.329836;0;0.030606;9
685;Gisèle Préville;Darsteller;1;10;5;0.295117;0.31293;0;0.024748;10
686;Herma Relin;Darsteller;1;15;4;0.357173;0.378397;0;0.150934;15
687;Herbert Wilk;Darsteller;1;10;4;0.311659;0.329936;0;0.03141;9
688;Hans Bertram;Drehbuch;1;14;5;0.347066;0.369384;0;0.1005;13
689;Hans Carste;Musik;1;12;4;0.328994;0.346922;0;0.07056;11
690;Heinrich Oberländer;Drehbuch;1;13;4;0.3382;0.359113;0;0.107394;13
691;Heinrich Jonen;Produzent;1;15;4;0.334537;0.356415;0;0.116917;13
693;Heidemarie Hatheyer;Darsteller;1;13;4;0.347211;0.367906;0;0.08441;13
694;Hans Ertl;Kamera;1;18;4;0.359638;0.381595;0;0.117734;15
695;Hans Eysenhardt;Darsteller;1;13;4;0.345628;0.365008;0;0.073552;13
696;Hans Fritz Beckmann;Drehbuch;1;14;4;0.360883;0.382794;0;0.131019;13
890;Jean Boyer;Regie/Drehbuch;3;32;4;0.330297;0.355516;491.702992;0.056531;20
698;Hans Halden;Darsteller;1;16;4;0.340131;0.361411;0;0.079243;15
699;Harry Liedtke;Darsteller;1;15;4;0.363716;0.384692;0;0.131432;14
700;Harry Hasso;Kamera;1;13;4;0.338474;0.360512;0;0.084406;13
701;Hans Junkermann;Darsteller;1;15;4;0.338062;0.358513;0;0.095298;13
702;Hans Lang;Musik;1;12;4;0.332669;0.351819;0;0.052966;12
703;Hans Leip;Drehbuch;1;12;4;0.355045;0.377698;0;0.113874;12
704;Hansi Arnstaedt;Darsteller;1;11;4;0.35384;0.372902;0;0.14103;11
705;Hans Neumann;Drehbuch;1;15;4;0.363874;0.386291;0;0.148603;14
706;Hans-Joachim Beyer;Drehbuch;1;14;4;0.36919;0.389888;0;0.169914;14
707;Hans Olden;Darsteller;1;12;4;0.34321;0.361711;0;0.088551;12
708;Hans Wolff;Schnitt;1;12;4;0.332669;0.351819;0;0.052966;12
709;Hans Thimig;Darsteller;1;13;4;0.338474;0.360512;0;0.084406;13
710;Hans Regina von Nack;Drehbuch;1;9;4;0.332403;0.35002;0;0.043293;9
711;Hans Rehberg;Drehbuch;1;16;4;0.359019;0.378997;0;0.107615;15
873;Hans H. Zerlett;Drehbuch/Regie;6;82;4;0.390084;0.421363;707.893917;0.269065;31
713;Hans Reimann;Drehbuch;1;14;4;0.360883;0.382794;0;0.131019;13
714;Hans Sassmann;Drehbuch;1;18;4;0.359638;0.381595;0;0.117734;15
715;Hans Schweikart;Regie;1;13;4;0.360415;0.381295;0;0.103529;13
716;Heinrich Schroth;Darsteller;1;16;4;0.340131;0.361411;0;0.079243;15
717;Heinrich Strecker;Musik;1;13;4;0.352941;0.374201;0;0.106037;12
718;Herbert Weißbach;Darsteller;1;15;4;0.334537;0.356415;0;0.116917;13
719;Hans Beierlein;Kamera;1;14;4;0.340269;0.360212;0;0.082528;14
720;Gretl Theimer;Darsteller;1;11;4;0.30866;0.325639;0;0.031847;10
721;Guido Fiorini;Bauten;1;14;4;0.348808;0.371603;0;0.093313;14
722;Herbert Körner;Kamera;1;13;4;0.331742;0.351519;0;0.086879;12
723;Guillaume de Sax;Darsteller;1;12;4;0.322381;0.340827;0;0.060721;11
724;Herbert Gernot;Darsteller;1;15;4;0.377889;0.40008;0;0.226752;15
725;Gustaf Gründgens;Darsteller;1;16;4;0.359019;0.378997;0;0.107615;15
726;Gustav Knuth;Darsteller;1;13;4;0.355347;0.3751;0;0.128647;13
727;Gustav Ucicky;Regie;1;13;4;0.347211;0.367906;0;0.08441;13
728;Henri Garat;Darsteller;1;12;4;0.320154;0.339928;0;0.036079;11
729;Henny Porten;Darsteller;1;12;4;0.340408;0.360811;0;0.070008;11
730;Gusti Wolf;Darsteller;1;13;4;0.330297;0.351019;0;0.062204;13
731;Helmut Eweler;Produzent;1;16;4;0.340131;0.361411;0;0.079243;15
732;Helmut Brandis;Drehbuch;1;12;4;0.328994;0.346922;0;0.07056;11
733;Hellmut Lange;Drehbuch;1;13;4;0.345628;0.365008;0;0.073552;13
734;Hella Pitt;Darsteller;1;9;4;0.332403;0.35002;0;0.043293;9
735;Helene von Fortenbach;Drehbuch;1;11;4;0.30866;0.325639;0;0.031847;10
736;Helene Bursek;Schnitt;1;14;4;0.363082;0.384592;0;0.126594;14
737;Heinz-Friedel Heddenhausen;Musik;1;10;4;0.311659;0.329936;0;0.03141;9
738;Heinz von Jaworsky;Kamera;1;13;5;0.329254;0.348661;0;0.065775;12
739;Heinz Welzel;Darsteller;1;14;4;0.358864;0.380396;0;0.129355;14
740;H. W. Becker;Drehbuch;1;15;4;0.368863;0.392186;0;0.173106;15
741;Heinz Sandauer;Musik;1;13;4;0.338474;0.360512;0;0.084406;13
875;Fritz Genschow;Darsteller/Drehbuch/Regie;4;34;4;0.35042;0.3754;1077.285355;0.098253;20
743;Heinz Paul;Regie;1;13;4;0.35042;0.371603;0;0.104935;13
744;Heinz Klink;Darsteller;1;13;4;0.345628;0.365008;0;0.073552;13
745;Heinz Helbig;Regie;1;13;4;0.338474;0.360512;0;0.084406;13
746;Heinz Bierkowski;Drehbuch;1;13;4;0.331479;0.353217;0;0.09125;13
747;Fritz Holl;Regie;1;13;4;0.345199;0.366307;0;0.129763;13
748;Joseph Dalmann;Drehbuch;1;15;4;0.342505;0.36291;0;0.070467;14
749;Joseph N. Ermolieff;Produzent;1;13;5;0.330821;0.350799;0;0.059299;13
750;Mady Berry;Darsteller;1;12;4;0.320154;0.339928;0;0.036079;11
751;Madeleine Renaud;Darsteller;1;12;5;0.316749;0.335811;0;0.045619;12
752;László Schäffer;Kamera;1;13;4;0.360415;0.381295;0;0.103529;13
753;Ernst Legal;Darsteller;1;16;4;0.359173;0.380795;0;0.202463;15
884;Peter Hagen;Drehbuch/Regie;5;63;4;0.402704;0.43805;3604.326455;0.27215;44
756;Ernst Nicklisch;Schnitt;1;15;4;0.366111;0.388989;0;0.140674;14
757;Ludwig Schmitz;Darsteller;1;12;4;0.346346;0.367506;0;0.099154;12
758;Ludwig Schmid-Wildy;Drehbuch;1;15;4;0.342505;0.36291;0;0.070467;14
759;Ernst W. Fiedler;Kamera;1;13;4;0.345342;0.365208;0;0.083702;12
760;Ludwig Metzger;Drehbuch;1;15;4;0.377889;0.40008;0;0.226752;15
761;Ernst Waldow;Darsteller;1;12;4;0.360259;0.380895;0;0.135498;12
762;Ernst von Salomon;Drehbuch;1;15;4;0.366111;0.388989;0;0.140674;14
763;Louise Carletti;Darsteller;1;12;4;0.322381;0.340827;0;0.060721;11
897;Hans Deppe;Regie/Drehbuch;3;36;4;0.375169;0.402378;267.703599;0.167215;22
766;Lotte Spira;Darsteller;1;13;4;0.356106;0.375699;0;0.097675;12
767;Lotte Lang;Darsteller;1;12;4;0.332669;0.351819;0;0.052966;12
768;Lola Müthel;Darsteller;1;12;4;0.358401;0.377698;0;0.102391;12
769;Evelin von Schöning;Darsteller;1;10;4;0.311659;0.329936;0;0.03141;9
770;Lilo Bergen;Darsteller;1;13;4;0.331479;0.353217;0;0.09125;13
771;Lilian Harvey;Darsteller;1;12;4;0.333733;0.354516;0;0.070695;12
772;Ewald Balser;Darsteller;1;9;4;0.354592;0.3752;0;0.083135;9
773;Leopold von Ledebur;Darsteller;1;15;4;0.338062;0.358513;0;0.095298;13
774;Leonie Duval;Darsteller;1;12;4;0.33629;0.356615;0;0.104915;12
775;Leo Slezak;Darsteller;1;13;4;0.328088;0.347922;0;0.109468;12
776;F. D. Andam;Drehbuch;1;12;4;0.377376;0.39938;0;0.13224;11
777;F.W. Krohn;Bauten;1;12;4;0.358401;0.377698;0;0.102391;12
778;Madeleine Sologne;Darsteller;1;11;5;0.294388;0.310991;0;0.02289;11
779;Mady Rahl;Darsteller;1;12;4;0.358555;0.377898;0;0.102032;12
780;Fabien Loris;Darsteller;1;12;4;0.322381;0.340827;0;0.060721;11
781;Ernst Leenen;Musik;1;15;4;0.338062;0.358513;0;0.095298;13
782;Matthias Perl;Musik;1;17;4;0.334403;0.355216;0;0.098609;16
783;Mathias Wieman;Darsteller;1;13;5;0.35042;0.372482;0;0.110973;12
784;Martha Dübber;Schnitt;1;16;4;0.359019;0.378997;0;0.107615;15
785;Marta Linz;Musik;1;12;4;0.361665;0.381195;0;0.118292;12
786;Marta Labarr;Darsteller;1;9;5;0.313416;0.329836;0;0.030606;9
893;Veit Harlan;Regie/Drehbuch;3;42;4;0.349539;0.372702;53.298213;0.101159;20
789;Marina von Schubert;Darsteller;1;13;5;0.330821;0.350799;0;0.059299;13
790;Marina von Ditmar;Darsteller;1;13;4;0.366916;0.388989;0;0.119926;13
791;Marika Rökk;Darsteller;1;12;4;0.358555;0.377898;0;0.102032;12
792;Erna Morena;Darsteller;1;13;4;0.359948;0.381395;0;0.140297;13
793;Marie Glory;Darsteller;1;12;4;0.322381;0.340827;0;0.060721;11
794;Marie Bell;Darsteller;1;10;5;0.295117;0.31293;0;0.024748;10
795;Marianne Simson;Darsteller;1;12;4;0.346346;0.367506;0;0.099154;12
796;Erna Sack;Darsteller;1;14;4;0.340269;0.360212;0;0.082528;14
797;Maria von Tasnady;Darsteller;1;11;4;0.356258;0.376499;0;0.085062;11
798;Hans Schott-Schöbinger;Darsteller;1;11;5;0.320523;0.339428;0;0.045518;11
799;Maria Krahn;Darsteller;1;13;4;0.366916;0.388989;0;0.119926;13
800;Ernst Fritz Fürbringer;Darsteller;1;17;4;0.334403;0.355216;0;0.098609;16
801;Margarete Steinborn;Schnitt;1;13;4;0.338474;0.360512;0;0.084406;13
802;Ernst H. Albrecht;Bauten;1;11;5;0.294388;0.310991;0;0.02289;11
803;Marcel L'Herbier;Regie;1;11;5;0.294388;0.310991;0;0.02289;11
804;Marcel Achard;Drehbuch;1;10;5;0.295117;0.31293;0;0.024748;10
805;Ernst Kirsch;Musik;1;17;4;0.334403;0.355216;0;0.098609;16
806;Manuel Luna;Darsteller;1;15;4;0.337379;0.357714;0;0.148874;14
807;Maly Delschaft;Darsteller;1;13;4;0.331742;0.351519;0;0.086879;12
808;Magdeleine Bérubet;Darsteller;1;10;5;0.295117;0.31293;0;0.024748;10
809;Leo Lapaire;Regie;1;7;5;0.267136;0.279776;0;0.007916;7
810;Ferdinand Marian;Darsteller;1;12;4;0.355045;0.377698;0;0.113874;12
811;José Escandell;Darsteller;1;15;5;0.309807;0.331215;0;0.070369;14
812;Karl Piltzner;Kamera;1;12;4;0.328994;0.346922;0;0.07056;11
813;Karl Paryla;Darsteller;1;14;4;0.340269;0.360212;0;0.082528;14
814;Françoise Rosay;Darsteller;1;12;4;0.322381;0.340827;0;0.060721;11
815;Karl Machus;Bauten;1;17;4;0.334403;0.355216;0;0.098609;16
816;Karl Löb;Kamera;1;13;5;0.330821;0.350799;0;0.059299;13
817;Karl Ludwig Diehl;Darsteller;1;15;4;0.352345;0.374201;0;0.090429;14
818;Karl Lerbs;Drehbuch;1;15;4;0.352345;0.374201;0;0.090429;14
819;Karl Klüsner;Darsteller;1;15;4;0.34779;0.369604;0;0.165204;15
820;Fred Henning;Darsteller;1;9;4;0.332403;0.35002;0;0.043293;9
887;Paul Verhoeven;Drehbuch/Darsteller/Regie;7;82;4;0.372155;0.401978;459.887105;0.232802;28
823;Karl Hannemann;Darsteller;1;13;4;0.357173;0.378098;0;0.143443;13
824;Fred Hildenbrandt;Drehbuch;1;13;5;0.329254;0.348661;0;0.065775;12
825;Karl Fochler;Darsteller;1;12;4;0.351306;0.371703;0;0.144443;12
826;Karl Dannemann;Darsteller;1;7;5;0.267136;0.279776;0;0.007916;7
827;Frederik Fuglsang;Kamera;1;9;5;0.299569;0.314708;0;0.016852;7
828;Karl Bunje;Drehbuch;1;8;4;0.314006;0.330635;0;0.022214;8
829;Fridtjof Mjöen;Darsteller;1;17;4;0.334403;0.355216;0;0.098609;16
830;K. J. Fritzsche;Produzent;1;12;4;0.371162;0.391986;0;0.11348;12
831;Friedl Czepa;Darsteller;1;11;5;0.320523;0.339428;0;0.045518;11
832;Friedl Fuchs-Kaufmann;Darsteller;1;11;5;0.320523;0.339428;0;0.045518;11
833;Just Scheu;Darsteller;1;12;4;0.359483;0.380995;0;0.139511;12
834;Friedrich Freska;Drehbuch;1;13;4;0.336698;0.356715;0;0.061535;13
835;Junie Astor;Darsteller;1;10;5;0.295117;0.31293;0;0.024748;10
836;Julius Sandmeier;Drehbuch;1;12;4;0.332669;0.351819;0;0.052966;12
837;Julia Serda;Darsteller;1;15;4;0.338062;0.358513;0;0.095298;13
838;Fritz C. Mauch;Schnitt;1;14;4;0.359019;0.381795;0;0.122572;14
876;Paul May;Schnitt/Regie;4;55;4;0.399425;0.432454;1856.525616;0.264452;39
840;Karl Peter Gillmann;Drehbuch;1;12;4;0.344771;0.363409;0;0.06002;10
841;Franziska Kinz;Darsteller;1;13;4;0.347211;0.367906;0;0.08441;13
842;Ferdinand Pecenka;Kamera;1;9;4;0.332403;0.35002;0;0.043293;9
896;Louis Daquin;Regie/Darsteller;2;30;4;0.344771;0.367606;1.164357;0.103695;15
844;Kōsaku Yamada;Musik;1;4;1;1;1;0;0.001681;4
845;Käthe Dorsch;Darsteller;1;12;4;0.351306;0.371703;0;0.144443;12
846;Fernando de Granada;Darsteller;1;15;5;0.309807;0.331215;0;0.070369;14
847;Kurt Waitzmann;Darsteller;1;14;4;0.345771;0.366407;0;0.082717;13
848;Kurt Ulrich;Produzent;1;13;4;0.338474;0.360512;0;0.084406;13
849;Flockina von Platen;Darsteller;1;13;4;0.3382;0.359113;0;0.107394;13
850;Kurt Heynicke;Drehbuch;1;14;4;0.363082;0.384592;0;0.126594;14
883;Luis Trenker;Darsteller/Drehbuch/Regie/Produzent;4;60;4;0.359638;0.381595;0;0.117734;15
853;Kurt E. Walter;Drehbuch;1;15;4;0.368863;0.392186;0;0.173106;15
854;Kurt Dürnhöfer;Bauten;1;15;4;0.342505;0.36291;0;0.070467;14
855;Franz Berner;Bauten;1;13;4;0.329514;0.347522;0;0.055615;12
856;Kosho Nomura;Regie;1;4;1;1;1;0;0.001681;4
857;Franz Doelle;Musik;1;11;4;0.356258;0.376499;0;0.085062;11
858;Franz Eichhorn;Drehbuch;1;15;4;0.366111;0.388989;0;0.140674;14
859;Klaus Detlef Sierck;Darsteller;1;0;0;0;0;0;0;0
860;Franz Koehn;Bauten;1;13;4;0.347211;0.367906;0;0.08441;13
861;Franz Nicklisch;Darsteller;1;14;4;0.363082;0.384592;0;0.126594;14
862;Katherina Merker;Darsteller;1;7;5;0.267136;0.279776;0;0.007916;7
863;Katharina Berger;Darsteller;1;15;4;0.342505;0.36291;0;0.070467;14
864;Franz Rauch;Drehbuch;1;12;4;0.346346;0.367506;0;0.099154;12
865;Karl Wüstenhagen;Darsteller;1;10;4;0.311659;0.329936;0;0.03141;9
866;Karl Wagner;Darsteller;1;13;4;0.345342;0.365208;0;0.083702;12
867;Karl Vollbrecht;Bauten;1;12;4;0.320154;0.339928;0;0.036079;11
868;Karl Stepanek;Darsteller;1;13;4;0.352941;0.374201;0;0.106037;12
869;Franz Stein;Darsteller;1;11;4;0.30866;0.325639;0;0.031847;10
870;Franz Tappers;Produzent;1;16;4;0.340131;0.361411;0;0.079243;15
871;Agnes Straub;Darsteller;1;13;4;0.345199;0.366307;0;0.129763;13
872;Hans Steinhoff;Drehbuch/Regie;3;38;4;0.393954;0.419864;687.513436;0.219119;23
